제목,날짜,상세내용
"대표팀 LG-상무와 평가전 추가 확정, 26일 출국",2021.07.21 13:52,     2021 도쿄올림픽 야구 대표팀이 지난 18일 고척돔에서 마스크를 착용하고 있다          도쿄올림픽 야구 대표팀이 평가전 일정을 최종 확정했다 상무키움과 차례대로 맞붙는다          는 21일 김경문 감독이 이끄는 2020 도쿄올림픽 대표팀의 최종 평가전 일정을 발표했다           대표팀은 23일 오후 6시 30분 상무 24일 오후 5시  25일 오후 2시 키움과 평가전을 치른다 세 경기 모두 고척돔에서 열린다           대표팀은 당초 10개 구단에서 뽑힌 라이징 스타와 23일 평가전을 갖고 는 24일 올스타전까지 치를 계획이었다 하지만 리그 내 신종 코로나바이러스 감염증코로나19 확산과 감염 위험 등 여러 사항을 고려해 일정을 취소했다          대신 대표팀의 경기력 유지를 위해 25일로 예정돼 있던 키움전 외에도 추가 평가전을 추진했다 결국 상무와 일정을 조율해 확정했다          대표팀은 세 차례 평가전에서 실전 감각을 끌어올린 후 26일 격전지 일본 도쿄로 출국한다              이형석 기자 
"아버지가 가지 못한 올림픽 길, '바람의 손자'가 뚫는다",2021.07.21 13:41,     도쿄올림픽 야구대표팀 이정후 연합뉴스              바람의 아들 이종범51현  2군 타격코치은 한국 프로야구가 낳은 불세출의 스타다          데뷔 2년 차이던 1994년 정규시즌 최우수선수를 수상했다 2011년 은퇴할 때까지 리그 타격왕 1회 도루왕 4회 득점왕 5회 등 굵직굵직한 이력을 남겼다 1994년 달성한 도루 84개는 아직도 깨지지 않는 단일 시즌 기록 선수 생활 내내 남부럽지 않은 커리어를 쌓았지만 유독 인연이 없는 게 하나 있다 바로 올림픽이다          타이밍이 맞지 않았다 한국 야구 역사상 첫 번째 올림픽 동메달을 획득한 2000년 시드니올림픽 때는 일본 프로야구에서 뛰고 있어 출전이 불발됐다 2008년 베이징올림픽은 젊은 선수들과의 경쟁에서 밀렸다 2006년 월드베이스볼클래식에서 대표팀 주장으로 4강 신화를 이뤄냈지만 올림픽은 출전 경험이 아예 없다           아버지의 아쉬움을 달래주는 건 아들 바람의 손자로 불리는 이정후23키움다 이정후는 지난달 16일 발표된 도쿄올림픽 야구대표팀 최종 엔트리24명에 이름을 올렸다 2017년 1군에 데뷔한 뒤 2018년 자카르타팔렘방 아시안게임 2019년 프리미어12에 연이어 출전했다 이어 올림픽 대표까지 차출돼 아버지가 가지 못한 길을 걷게 됐다 도쿄올림픽에선 박건우두산 김현수와 함께 주전 외야수가 유력한 상황 강백호와 함께 김경문 대표팀 감독이 기대를 거는 주축 타자다          아버지와 달리 타이밍이 잘 맞았다 올림픽에서 야구 종목은 2008년 대회를 끝으로 올림픽 정식 종목 지위를 잃었다 하지만 이번 대회 부활했고 이정후는 기회를 잡았다 그는 올림픽은 어렸을 때부터 나가고 싶었다 앞선 선배들이 출전한 많은 국제대회를 보면서 자랐고 언젠가 그 자리에서 경기를 뛰고 싶다고 생각했다며 올림픽에서는 야구 종목이 없어졌다가 채택됐는데 다시 없어질 수 있어서 이번 대회가 더 의미 있다고 말했다          한국 대표팀은 2008년 베이징올림픽에서 우승한 디펜딩 챔피언이다 이번 대회에 쏠리는 관심도 많다 야구는 총 6개 국가가 참여해 메달을 다툰다 숙적 일본과의 맞대결 결과에 따라 메달 색이 달라질 전망 이정후는 올림픽은 단기전이다 아무리 일본의 전력이 좋다고 해도 자국에서 열리고 성적에 대한 압박감도 있기 때문에 부담을 가지는 건 상대 팀일 것 같다며 코로나19 시대라는 특수한 상황에서 치러지는 한일전이다 국민에게 조금이라도 힘을 드릴 수 있도록 죽기 살기로 하겠다고 말했다          프로야구는 현재 위기다 시즌 중 원정숙소를 이탈해 술판을 벌이는 등 선수들의 일탈이 연이어 확인돼 야구계 안팎에서 비판의 목소리가 크다 이정후는 야구 인기가 점점 시들해지는 현 상황에서 이번 올림픽이 야구의 인기를 되찾을 수 있는 계기가 되길 바라고 있다 금메달을 목표로 주어진 자리에서 최선을 다하겠다고 당차게 말했다          바람의 아들이 가지 못했던 올림픽 길 그의 활약을 지켜보며 성장한 바람의 손자가 뚫는다   도쿄배중현 기자 
'문 대통령 방일취소' 잘했다는 中 매체 “방일 포기 여론 부합”,2021.07.21 13:30,     문재인 대통령 조 바이든 미국 대통령 스가 요시히데 일본 총리 중앙포토         문재인 대통령이 도쿄 올림픽 기간에 일본을 방문하려고 했다가 취소하자 중국 공산당 기관지인 환구시보도 이를 상세히 보도했다 환구시보는 20일 자사의 영자지인 글로벌타임스를 인용해 문재인 대통령 올림픽 기간 방일 포기 한 교수 미국 정부가 분명히 실망할 것이라는 제목의 논평을 냈다 소마 히로히사 주한일본대사관 총괄공사 문제의 부적절한 발언과 이에 따른 청와대의 일련의 반응을 자세히 소개하며 국내 교수의 말을 인용해 미국이 실망할 수밖에 없다고 전한 것이다 그러면서 한일 관계가 다시 2년 전의 빙점으로 추락했다고 표현했다          환구시보는 문 대통령은 지난해 스가 요시히데 총리가 취임한 이후 아직까지 그와 정상회담을 한 적이 없다며 조 바이든 미국 대통령이 중국과 북한의 이른바 위협에 대응해 한일 양국이 평화를 이뤘다고 강조했지만 효과는 미미하다고 평가했다          환구시보는 한국의 소식통을 인용해 한국이 제시한 정상회담 조건을 일본이 받아들이지 않은 것도 소마 총괄공사 사건 외의 방일 실패 요인 중 하나라고 분석했다 당초 한국은 문 대통령의 방일을 계기로 일본 정부가 한국 수출규제 조치를 해제하길 바랐다고 소식통은 전했다 하지만 일본이 이를 받아들이지 않는 기류를 보이면서 문 대통령이 자칫 빈손으로 귀국하면 한일 관계의 주도권이 도쿄로 넘어갈 것을 우려했다는 설명이다   관련기사망언 역공에 유감이 끝이었다 한일회담 결국 파투한일 3대 현안 놓고 의견차서로 공 떠넘기다 끝나      환구시보가 20일 문재인 대통령의 방일 취소 사태 관련 논평을 내고 미국이 실망할 것이라는 국내 한 교수의 발언을 인용해 제목에 썼다 환구시보 홈페이지 캡처         환구시보는 루하오 중국사회과학원 일본연구소 전략연구실 부주임의 글로벌타임스 인터뷰를 인용해 문 대통령의 이번 결정을 긍정적으로 평가하기도 했다          루 부소장은 일본 언론이 문 대통령의 방일 소식을 자주 보도했는데 이는 한일 외교 당국의 교섭 진행 상황을 적극적으로 누설함으로써 한국이 대일 태도를 완화해 한일관계를 원만히 풀어가도록 압박한 것이라고 분석했다 이는 문 대통령이 일본을 방문하는 것이 스가 정부의 외교적 성과가 돼 스가 내각의 지지율이 올라가는 효과를 낳을 거라는 계산이 깔린 것이라는 설명이다           루 부소장은 이런 상황에서 문 대통령의 방일 포기는 한국의 여론에 부합하는 조치라며 이는 한국에 대한 일본의 강경하고 오만한 태도 특히 소마의 무례한 언사에 대응해 한국 측이 일본에 선의를 내비치는 대신 자국의 입장을 굳건히 한 것이라고 평가했다        관련기사문 대통령 방일 취소에  노 코멘트굳건한 한미일 관계 중요 방일 무산에 이어 한일 외교차관 회담도 냉랭과거사 입장차 재확인첫 방일서 납북자 가족 만난 셔먼 인권부터 건드렸다  미 국무부 네드프라이스 대변인은 이날 정례 기자회견에서 양국 간의 회담이나 방문 일정에 관해선 이야기할 게 없다며 즉답을 피했다 그러면서 일본을 방문 중인 웬디 셔먼 국무부 부장관이 조만간 이를 논의할 기회가 있을 것이라고 말했다 셔먼 부장관은 21일 일본 방문을 마치고 한국으로 건너온다             최종건 외교부 1차관왼쪽이 20일 오후 일본 도쿄도 미나토구 소재 외무성 이쿠라공관에서 모리 다케오 일본 외무성 사무차관과 한일 외교차관 협의 시작에 앞서 기념사진을 찍고 있다연합뉴스         최종건 외교부 1차관은 이날 도쿄에서 모리 다케오 외무성 사무차관과 약 90분간 회담을 열고 입장차를 재확인했다 최 차관은 이날 소마 총괄공사의 발언 관련 재차 항의의 뜻을 전달했다고 외교부는 밝혔다 다만 외교부는 양 차관은 한미일 3국 협력 의지에 뜻을 모았다고 설명했다   정은혜 기자 1
범 말고 곰 내려왔다…日올림픽 첫경기장 인근 출몰 '발칵',2021.07.21 12:11,     일본 공원에 출몰한 곰사진은 기사와 직접적 관련이 없습니다 연합뉴스         도쿄올림픽 소프트볼 경기장인 일본 후쿠시마현 아즈마 스타디움 인근에서 몸길이 1 크기의 곰이 출몰했다 당장 개막전 경기를 하루 앞두고 일어난 일이다        21일부터 경기전날 새벽 출몰 경찰수색 나섰지만 아직 못 찾아폭죽 소리 틀어 곰 쫓아내겠다   21일 교도통신스포츠호치 등에 따르면 전날 오전 7시쯤 아즈마 스타디움에서 북동쪽으로 약 12 떨어진 지점에서 스포츠공원 경비원이 곰을 발견해 후쿠시마 경찰서에 신고했다          당장 21일 오전 9시부터 이 경기장에서 일본과 호주의 소프트볼 개막전이 열리는 만큼 현장상황은 급박해졌다 2020 도쿄올림픽 전체의 첫 경기다 경찰이 곧바로 현장에 출동해 곰을 찾아 나섰지만 전날 자정까지 찾지 못하고 철수했다             도쿄 하루미 지역 올림픽선수촌 한국 선수단 숙소동에 범 내려온다는 응원 현수막이 걸려 있다 연합뉴스       후쿠시마 아즈마스타디움 연합뉴스              경기장 인근에서 곰이 나타난 건 이번이 처음이 아니다 아사히신문은 아즈마 스포츠 공원은 나무가 많고 강이 가깝기 때문에 지금까지도 곰이 목격돼 왔다고 보도했다 스포츠호치는 이달 들어 공원에서 곰을 목격했다는 신고가 여러 번 있었다며 동일한 곰으로 보인다고 했다          스포츠공원 측은 일단 곰이 경기장 근처로 오지 못하게 폭죽 소리를 틀고 구장 주변 경계와 수색 작업을 계속할 예정이다          후쿠시마현 관계자는 지금까지 경기에 영향은 없다고 밝혔다   고석현 기자 
올림픽 후원 삼성전자 '속앓이'…개막식엔 현지 실무진만 참석,2021.07.21 11:58,     지난 17일 도쿄 하루미 지역 올림픽선수촌 입구에서 보안요원들이 검문검색을 하고 있다 도쿄올림픽조직위원회는 이날 올림픽선수촌에서 신종 코로나바이러스 감염증코로나19 확진자가 1명 발생했다고 발표했다 20210717 사진 올림픽사진공동취재단              오는 23일 개막하는 도쿄올림픽과 관련한 논란이 계속되면서 공식 후원사인 삼성전자가 남모를 속앓이를 하고 있다 올림픽 특수는커녕 신종 코로나바이러스 감염증코로나19 사태와 반일 여론으로 엉뚱한 불똥이 튈까 우려해서다  코로나19 확산세에 반일 여론 부담마케팅 소극적 언론 홍보도 최소화        삼성전자는 국내 유일의 월드와이드 올림픽 파트너다 올림픽 후원사 중 가장 높은 등급으로 개최국인 일본뿐 아니라 세계를 상대로 마케팅 활동을 할 수 있다 코카콜라에어비앤비알리바바인텔파나소닉도요타자동차 등 14개 기업이 여기에 속한다          삼성전자는 1988년 서울올림픽 지역 파트너로 올림픽 후원을 시작했으며 98년 일본 나가노 동계올림픽부터 월드와이트 파트너로 참여하고 있다 2028년 미국 로스앤젤레스 올림픽까지 후원 계약을 맺었다          올림픽이 개최될 때마다 세계적으로 대대적 마케팅을 펼치던 것과 달리 이번 도쿄올림픽에서는 기본 활동만 챙기는 모습이다언론 홍보 역시 최소화하고 있다 23일 국립경기장에서 열리는 올림픽 개막식에는 현지 법인의 실무진이 참석할 것으로 알려졌다 애초 최고경영자급 방문은 계획하지 않았다고 한다          2012년 런던올림픽 때는 이건희 회장 참석     지난 2012년 런던올림픽 때는 생전 이건희 삼성 회장이 국제올림픽위원회 위원 자격으로 개막식에 참석했다 신종균 당시 삼성전자 사장도 동행했다 이 회장이 쓰러져 입원한 후인 2016년 브라질 리우데자네이루 올림픽에는 고위급 인사가 참석하지 않았다 현재는 이재용 삼성전자 부회장이 수감 중이다       여자배구대표팀 김연경 선수가 지난 20일 인천국제공항 2터미널에서 도쿄올림픽 출전을 위해 일본으로 출국 전 팬들을 향해 인사하고 있다 연합뉴스               앞서 도요타 아키오 도요타자동차 사장 유키쿠스미 파나소닉 사장 등 일본 주요 후원사들의 최고경영자가 개막식에 참석하지 않을 것이라는 소식이 현지 언론을 통해 전해지면서 올림픽 열기는 더욱 가라앉았다 도요타자동차는  광고도 보류한다고 발표했다          삼성전자는 국내와 일본 현지 분위기를 살피면서 소극적으로 마케팅 활동을 이어갈 전망이다 우선 배구의 김연경 선수 등 세계 최정상급 선수 10여 명으로팀 갤럭시를 구성해 갤럭시 브랜드를 홍보한다 20일 김 선수가 올림픽 참가를 위해 인천국제공항에서 일본으로 출국할 때 조만간 출시 예정인 갤럭시워치4를 손목에 찬 모습이 노출돼 관심을 불러일으키는 데 성공했다          아울러 삼성전자는 올림픽과 패럴림픽 선수 전원에게 최신 스마트폰인 갤럭시 21 5 도쿄 2020 올림픽 에디션 약 1만7000대를 제공했다 현지에서 버추얼가상 기술을 활용한 삼성 갤럭시 도쿄 2020 미디어센터를 운영하고 메타버스 플랫폼에 올림픽 콘텐트를 즐길 수 있는 삼성 갤럭시 하우스도 연다        최은경 기자 
도쿄올림픽 개막 뒤 취소?…초유의 사태 가능성 커졌다,2021.07.21 11:33,도쿄올림픽이 대회를 치르는 도중에 중단되는 초유의 사태가 벌어질 수도 있다             도쿄올림픽 개막을 나흘 앞둔 19일 대한민국 선수단이 머물고 있는 도쿄 하루미 지역 올림픽 선수촌의 모습 올림픽사진공동취재단              야후 스포츠는 20일현지시간 도쿄올림픽 조직위원회는 여전히 올림픽 취소 가능성을 배제하지 않고 있다고 전했다 무토 도시로 도쿄올림픽 조직위 사무총장은 이날 기자회견에서 감염이 확대될 수도 진정될 수도 있다 코로나19 확진자 수가 급증하면 대회 중지나 연기에 대해서 다시 논의할 것이라고 했다          개막이 이틀 남았는데도 여전히 취소 중지 이야기가 나오고 있다 이러다가는 대회 개막 이후 중단되는 상황이 나올 수도 있다 지난해부터 전 세계 코로나19 펜데믹이 지속되면서 도쿄올림픽을 취소해야 한다는 여론이 우세했다 현재 일본 내에서도 도쿄올림픽 개최에 대한 반대 목소리가 여전히 크다 가장 방역이 철저하다는 올림픽 선수촌마저도 코로나19 확진자가 나오고 있는 상황이다          그럼에도 불구하고 국제올림픽위원회가 올림픽을 개최하는 것은 올림픽 중계권료과 스폰서십이 막대한 수입원이기 때문이다 중계권료는 전체 올림픽 수입 중 73 스폰서십은 18에 달한다 최대 중계권사인 미국 는 이번 올림픽에 사활을 걸었다 코로나19 시대에 집콕에 지친 사람들이 치열한 경쟁이 펼쳐지는 올림픽을 많이 시청할 거라고 예상하고 있다          그런데 이번 대회 스폰서 기업들은 도쿄올림픽 개최에 시큰둥하다 줄줄이 개회식 참석을 거부하고 있다 지난 19일 도요타 아키오 도요타자동차 사장이 개회식 불참을 선언했고 이어서 일본전신전화공사와 일본전기주식회사 유명 전자기기 제조업체인 후지쓰도 회사 간부들도 불참하기로 했다 일본항공도 사실상 불참 쪽으로 가닥을 잡은 모양새다 도요타자동차는 올림픽 기간 올림픽에 관련된 일본 내  광고도 보류하기로 했다          스폰서까지 관심이 없는 올림픽이 됐는데 올림픽 관계자 사이에서 코로나19 확진자까지 속출한다면 급하게 대회가 중단될 수도 있다                                 박소영 기자 0914
"오사카 나오미 수영복 차림 화보 논란…""인터뷰는 안 하면서""",2021.07.21 11:31,     오사카 나오미           여자 테니스 세계랭킹 2위 오사카 나오미24일본 선수가 수영복 차림으로 스포츠 잡지 표지 모델에나섰다가 논란에 휘말렸다          오사카는 20일한국시간 자신의 사회관계망서비스에 스포츠 일러스트레이티드 스윔 수트란 잡지에 실린 자신의 수영복 화보를 포스팅했다          오사카는 내가 이 잡지의 수영복 모델로 나선 첫 아이티인이자 일본인 여성이라며 자부심을 드러냈다          오사카는 아이티 출신 아버지와 일본인 어머니 사이에서 태어났다             오사카 나오미 연합뉴스         그러나 이 사진을 두고 뜻밖의 논쟁이 생겼다          최근 오사카가 우울증 증상을 호소하며 언론 인터뷰를 거절하고 프랑스오픈 테니스 대회에도 불참해서다          미국 정치 평론가 클레이 트래비스는 자신의 트위터에 테니스 경기 뒤 기자회견에서 발언하기에는 너무 내성적이라는 오사카가 바비 인형이라는 리얼리티 쇼를 시작했다 이제는 잡지 표지에 실려 있다고 적었다          유명 앵커 메긴 켈리도 트래비스의 글을 리트윗해 보그 재팬과타임지에서도 인터뷰와 함께 표지를 장식했다는 걸 잊지 말자며 편을 들었다          이런 반응을 전해 들은 오사카는 켈리를 향해언론계에 종사한다면 잡지의 리드타임생산 시작부터 완성까지 걸리는 시간에 대해 찾아봤으리라 생각한다며 만약 그렇다면 당신은 이 사진들이 지난해에 찍혔다는 걸 알았을 것이라고 쏘아 붙였다          이어 하지만 당신의 첫 번째 반응은 여기비난 여론에 올라타 부정적인 감정을 표출하는 것이었다 좀 더 잘해 봐라라며 비난했다          현재 이 트윗은 삭제된 상태다          켈리는 이후 오사카가 나를 저격하면서 나를 차단했다 그는 언론을 대할 때 몹시 불안하다고 주장하면서 공개적으로 잡지 사진을 촬영했다고 말하고 있다 진실은 오사카는 자신이 통제할 수 없는 질문들을 받기 싫어한다는 것이다 인정하라라고 지적했다          영국의 방송 진행자인 피어스 모건도 오사카의 화보를 비판했다가 차단당했다          그는 오사카가 나도 차단했다 오사카가 용납할 수 있는 미디어는 자신이 얼마나 완벽한지에 대해 아첨하는 잡지 편집자들뿐이라며 비난을 이어갔다          일부  이용자들도 카메라 앞에서 말은 할 수 없는데 포즈는 취할 수 있느냐며 오사카의 행동을 비판했다          반면 오사카의 팬들은 오사카의 모습이 당당해 보인다며 지지의 메시지를 보내고 있다          메이저 단식에서 4차례 우승한 오사카는 이번 도쿄올림픽에서 금메달에 도전한다   신혜연 기자 
"'범 내려온다' 현수막에…윤서인 ""척추 나간 빙시 호랑이""",2021.07.21 10:53,     17일 도쿄 올림픽선수촌 대한민국 선수단 숙소에 신에게는 아직 5천만 국민들의 응원과 지지가 남아 있사옵니다라고 적힌 응원 현수막이 철거되고 범 내려온다 의 현수막이 펼쳐져 있다 대한체육회는 국제올림픽위원회의 압력으로 이순신 장군 현수막을 철거했다 가 모든 올림픽 경기장 내 욱일기 사용에 올림픽 헌장 50조를 적용하기로 약속해 체육회는 이순신 장군 현수막을 내리기로 상호 합의했다 뉴스1         만화가 윤서인씨가 도쿄올림픽 선수촌에 건 한국 현수막을 비하해 논란이 일고 있다         윤씨는 20일 페이스북에 그냥 아무것도 안 걸면 되잖아 아무것도 안 거는 게 그렇게 어렵냐며 척추나간빙시 호랑이 그림 걸어놓고 범 내려온다 이게 뭐람이라고 적었다              만화가 윤서인 유튜브 채널 사진 유튜브         척추나간 빙시라는 단어 선택은 차별적 언어 사용이라는 논란도 일고 있다           이어 윤씨는이 정도면 일본이 뭐라고는 못하겠지라는 비겁한 마음으로 무의미한 상징물 하나 걸어놓고 또 뭐라고 하나 안 하나 살피고 발끈발끈 지랄하고 꼭 이렇게 조급하게 티를 내는 저 마음은 얼마나 가난한가라고 했다           또 나 같으면 정 현수막이 걸고 싶으면 세계인의 축제에 참가하게 돼서 기뻐요라든지 어려운 시기에 모두 힘냅시다 이렇게 걸겠네라며 긍정과 응원 화합 행복 여유가 뭔지 모르고 매사에 악의적이고 적대적이고 건들기만 해봐 부들거리는 나라가 내 조국인 게 너무 슬프다고 덧붙였다           앞서 윤씨는 도쿄올림픽 선수촌 한국팀 거주동에 걸렸던 신에게는 아직 5천만 국민들의 응원과 지지가 남아 있사옵니다라는 현수막에 대해서도 비판했다 그는 남의 잔칫집에 가서 굳이 하는 짓 보라며 저러면서 호스트가 제공하는 맛난 음식과 친절한 서비스들은 뻔뻔하게 누리겠지 올림픽 정신 따위는 나 줘라 안 간다고 큰소리 뻥뻥 치다가 슬며시 기어가서 짓 창피해라고 했다        사진 윤서인 페이스북 캡처              윤씨는 지난 1월에는 친일파 후손과 독립운동가 후손의 집을 비교하는 사진과 함께 사실 알고 보면 100년 전에도 소위 친일파들은 열심히 살았던 사람들이고 독립운동가들은 대충 살았던 사람들 아니었을까라고 해 논란을 빚었다   이해준 기자 
미국이 제일 기다리는 '시몬 바일스'를 사수하라,2021.07.21 10:49,미국 체조대표팀이 체조 여제 시몬 바일스24를 사수하기 위해 총력전을 펼치고 있다          미국 는 21일한국시각 미국 여자 체조대표팀이 도쿄올림픽 선수촌에 들어가지 않고 인근 호텔에 머물 예정이라고 보도했다 세실 랜디 대표팀 코치는 코로나19 펜데믹 현실에서 선수촌이 아닌 호텔에서 대회를 치르는 것은 좋은 방법이 아닐 수 있다 그러나 우리는 호텔에서 더 안전하게 준비할 수 있다고 생각한다고 전했다              지난 15일 일본에 도착한 체조 여제 시몬 바일스 연합뉴스         도쿄올림픽 조직위원회는 줄곧 선수촌은 어느 장소보다 철저하게 방역하고 있다고 강조하고 있다 그러나 개막23일도 하지 않았는데 이미 선수촌 내 코로나19 확진 선수가 나오고 있다거기다 미국 여자 체조대표팀 대체 선수인 카라 에이커19가 19일에 코로나19 확진 판정을 받았다 지바현 인자이시에서 다른 선수들과 훈련하고 있던 에이커는 외출도 하지 않고 전세 버스만 타고 다녔다그의 아버지 마크 에이커는 딸은 백신도 맞고 훈련만 했다 증상도 없었다고 한다 어디서 감염됐는지 미스터리라고 했다 에이커는 격리에 들어가 올림픽도 즐기지 못하고 미국으로 돌아가지도 못하게 됐다          에이커가 확진되면서 미국 체조대표팀에는 비상이 걸렸다 에이커의 밀접 접촉자는 선수 1명에 그쳤지만 또 다른 확진 선수가 나올 수도 있기 때문이다 특히 여자 체조대표팀을 이끄는 바일스가 코로나19에 걸리거나 밀접 접촉자로 자가격리에 들어가면 큰일이다이에 미국 여자 체조대표팀은 도쿄올림픽 조직위만 믿지 않고 선수들과 상의해 방법을 강구했다 그 결과 사설 호텔에서 대표팀이 바일스를 보호하기로 했다 조직위는 이런 결정에 대해 개별 종목 팀 결정에 대해 논평할 입장은 아니다라고 밝혔다             시몬 바일스 연합뉴스         키 142체중47인 바일스는 우락부락한 근육을 바탕으로남자 선수 못지않은 파워 체조를 보여주고 있다2016년 리우올림픽에서 여자 기계체조에 걸린 6개의 금메달 중 4개단체전개인종합도마마루운동를 휩쓸었다 이번에는 이단평행봉과 평균대까지 금메달을 따 6관왕을 이루려고 한다          박소영 기자 0914                  박소영 기자 0914
"“TV, 냉장고도 없다” “여기는 중세 일본” 도쿄올림픽선수촌에 불만 폭발",2021.07.21 10:09,     일본 도쿄도 하루미 지역 내에 위치한 도쿄올림픽패럴림픽참가 선수들을 위한 선수촌 내부가 지난달 공개됐다 골판지로 만든 침대의 모습 연합뉴스         일본 도쿄올림픽 선수촌 시설에 대한 선수단의 불만이 이어지고 있다          닛칸스포츠 등 일본 언론은 20일 러시아 선수단의 불만을 상세히 보도했다           러시아 선수단에서는 21세기 일본이라고 생각할 수 없는 환경에 놀랐다 선수들이 딱하다는 일가 마메도프 펜싱 감독의 불만이 터져 나왔다 신종 코로나바이러스 감염증코로나19 대유행으로 외출이 어려운 가운데 선수촌 안에 와 냉장고가 없고 45명이 머무는 객실에 화장실이 1개밖에 없다는 거다 여기는 중세의 일본 같다는 러시아 선수단의 불만도 소개됐다           무토 도시로 도쿄올림픽 조직위원회 사무총장은 처음 듣는 얘기라며 당혹감을 감추지 못하고서 냉장고와 는 시급하게 대응하도록 하겠다고 했다             러시아 선수  캡처         도쿄올림픽 선수촌은 키 큰 선수들이 용변을 볼 수 없는 화장실 골판지로 제작된 침대 등으로 화제가 됐다 도쿄올림픽 선수촌은 건물 21개 동 방 3600개로 조성됐다 대회 기간 최대 1만8000 명이 이곳에 투숙한다        이해준 기자 
도쿄 선수촌 천장 높이 탓에…고개도 못 드는 2m 러시아 선수,2021.07.21 09:07,2020 도쿄올림픽 선수촌에서 생활하는 선수들이 일상 속 불편을 호소하고 있다             러시아 배구 국가대표 선수 아르템볼비치의 인스타그램          러시아 배구 국가대표 선수 아르템볼비치는 지난 19일 자신의 인스타그램에 머리가 사진 한장을 공개했다          욕실 천장에 머리가 닿아 고개가 꺾인 모습을 사진으로 올린 것          키가 2미터13센티미터에 달하는 볼비치에게 천장은 너무 낮았고 볼비치는 이런 불만을 익살스럽게 표출한 셈이다          볼비치는 20일 올린 글에서도 이 좁은 곳에 심지어 침대도 있다며 숙소 공간이 좁다는 걸 우회적으로 표현하기도 했다          이 소식을 들은 러시아 매체들은 도쿄올림픽 선수촌이 아시아인 중심적으로 설계됐다며 키가 큰 선수들은 불편하다고 비판했다          같은 팀 야로슬라프 포들레스니흐도 이날 인스타그램에 볼비치와 똑같은 포즈를 취한 사진을 올렸다          포들레스니흐도 키가 198에 달하는 장신이다          선수촌 내부 화장실은 일본 건물에 주로 쓰이는 유닛 배스  형태다          별도로 조립해 사용하는 공간이라서거실이나 침실 등 다른 공간에 비해 천장 높이가 낮은 경우가 많다          선수들의 불만은 여기서 끝이 아니다          숙소 내 에어컨 리모컨이 전부 일본어로 적혀 있어 캐나다 테니스 국가대표 가브리엘라 다브로프스키가 같은 날 인스타그램에 불만을 호소하기도 했다             일본어로 적힌 리모콘 인스타그램 캡처         선수들이 불편을 호소하자 네티즌들은 해외 선수들에 대한 배려가 부족했다고 지적하고 있다          한 네티즌은 올림픽을 개최하겠다는 나라가 장신 선수들을 생각 못 했냐며 모든 나라 사람들이 다 일본인처럼 체구가 작은 줄 아냐고 지적했다 일각에서는 선수들의 일상생활 불편하게 만들어서 컨디션 나쁘게 하려는 의도가 있는 것 아니냐고 의혹을 제기하기도 했다          앞서 하시모토 세이코 도쿄올림픽 조직위원회 위원장은 지난달 열린 올림픽선수촌 개관식에서 이번 선수촌은 역대 최고라고자화자찬한 바 있다          그러나 앞서 선수촌 공식 침대인 골판지 침대가 내구성을 의심받으며 성관계 방지 침대라는 조롱거리가 되는 등 선수촌 시설을 둘러싼 잡음이 계속되고 있다             일본 도쿄도 하루미 지역 내에 위치한 도쿄올림픽패럴림픽참가 선수들을 위한 선수촌 내부가 지난달 공개됐다 골판지로 만든 침대의 모습 연합뉴스  신혜연 기자 
'베이징 키즈'가 '도쿄 키즈' 키운다,2021.07.21 08:34,베이징 키즈 강백호22가 도쿄올림픽 금메달을 따고 도쿄 키즈를 키우려고 한다              도쿄올림픽 야구대표팀 강백호 연합뉴스         강백호는 20일 서울 고척스카이돔에서 열린 대표팀 훈련을 앞두고 2008년 베이징올림픽에서 금메달을 따는 선배들을 보고 프로야구 선수를 꿈꿨다 그런 내가 국가대표가 됐다 이번에도 잘해서 어린 선수들에게 좋은 영향력을 끼치고 싶다고 다짐했다 야구대표팀이 9전 전승으로 올림픽 금메달을 땄던 13년 전에 강백호는 아홉 살이었다 그가 본격적으로 야구를 시작한 때다          강백호가 도쿄 키즈를 키우려면 일본을 넘어야 한다 그는 2019년 프리미어12 대회 일본전을 또렷하게 기억한다 당시 프로 2년 차였던 그는 성인 대표팀에 처음 선발돼 설렜다 그러나 경험이 부족한 막내인 그는 주로 대타로 기용됐다 그러다 슈퍼 라운드 최종전 일본전에서 처음 선발로 나가 의욕이 충만했다 4타수 2안타3타점1득점으로 활약했다          강백호는 4만5000여 관중의 함성이 쏟아지는 한일전에서도 기죽지 않고 방망이를 휘둘렀다 안타를 치고 나가면 손가락 세 개를 펼쳐 코리아를 뜻하는  세리머니를 뽐냈다          그러나 한국은 일본을 이기지 못했다 정예 멤버로 나선 결승전에서도 지면서 준우승에 그쳤다 그때 강백호는 다른 나라에는 져도 일본에는 이겨야 한다 2등은 아무도 기억하지 않는다 올림픽에 나간다면 일본을 누르고 꼭 우승하고 싶다고 강조했다 그는 20일 도쿄올림픽에서 2년 전 일본에 패한 아쉬움을 지우겠다고 했다             강백호가 1루 수비 훈련을 하고 있다 연합뉴스         올 시즌 강백호의 방망이는 무시무시하다 전반기에 타율 03951위 10홈런 61타점3위 107안타1위 출루율 04921위 장타율 05793위 등 타격 주요 지표 상위권을 점령했다 꿈의 기록인 4할 타율에 200안타 기록도 기대할 만하다 벌써 최우수선수 후보로 꼽히고 있다          김경문 야구 대표팀 감독은 2019년에 강백호를 처음 대표팀에 선발할 때 수비가 부족하다고 지적했다 강백호는 대표팀에서 선발 기회를 잘 잡지 못했다          그런데 이번에 김경문 감독은 강백호에게 수비 부담을 주지 않으려고 한다 지명타자로 기용해 강백호의 타격 능력을 극대화할 것이라고 선언했다 강백호는 다시 태극마크를 달 수 있어서 정말 좋다 대표팀에 와서는 다시 기본기부터 탄탄하게 준비하고 있다 해결사보다는 선배들을 도우면서 부끄럽지 않은 경기력을 보여주겠다고 약속했다        박소영 기자 0914
"일본 야구, 이유 있는 한국 베테랑 경계",2021.07.21 08:10,     강민호와 양의지가 지키는 야구 대표팀 안방은 견고하다 포토              한국을 쓰러뜨리지 못하면 금메달은 없다          이나바 아츠노리 일본 야구 대표팀 감독이 19일 일본 매체 닛칸스포츠와의 인터뷰에서 남긴 말이다 2008년 베이징올림픽에 선수로 출전했던 이나바 감독은 준결승전에서 일본이 한국에 26으로 패하며 금메달 획득에 실패한 기억을 돌아봤다 그는 10년 넘게 한국 야구를 지탱하고 있는 베테랑들을 향한 경계심을 감추지 않았다           이나바 감독은 언론 인터뷰마다 일본이 틀림없이 금메달을 딸 수 있다며 자신감을 보였다 은사이자 베이징올림픽 대표팀 사령탑이었던 고 호시노 센이치 감독의 묘를 찾아 금메달 획득을 향한 의지를 일본 국민을 향해 드러내기도 했다           그런 이나바 감독이 가장 경계한 국가가 한국이다 특히 안방을 지키고 있는 강민호36삼성와 양의지34를 주목했다 이나바 감독은 경험이 풍부한 두 베테랑 포수가 한국 투수진을 이끌 것이다 볼 배합 등 경기 운영을 경계하지 않으면 안 된다고 말했다           강민호는 베이징올림픽에서 일본을 격침시킨 주역이다 준결승전에서 당시 프로 데뷔 2년 차였던 김광현세인트루이스과 배터리 호흡을 이뤄 8이닝 2실점1자책점을 합작했다 52로 앞선 8회 말 타석에서는 1타점 적시타를 치며 점수 차를 벌리기도 했다 양의지는 최근 3시즌201820 연속 포수 부문 골든글러브를 차지한 리그 최고 포수다           도쿄올림픽 대표팀의 마운드 전력은 2019년 11월 열린 프리미어12 대표팀보다 낮은 평가받고 있다 에이스 역할을 해줬던 김광현과 양현종이 미국 무대에 진출하며 참가하지 못했다 1군 데뷔 5년 차 이하 젊은 투수들이 유독 많은 점도 변수다 그러나 현역 포수 중 가장 경험이 많은 두 포수가 안방을 지킨다 약해진 마운드 전력을 보완한다           김현수33도 일본이 꼽은 경계 대상이다 일본 야구 대표팀은 공식 홈페이지에서 도쿄올림픽 참가국 전력을 소개하며 메이저리그에서 뛰었던 김현수를 언급했다 일본 야구 매체 베이스볼 긱스도 김현수가 2019 프리미어12 결승전에서 일본 대표팀 우완 투수 야마구치 슌으로부터 홈런을 친 선수라고 소개했다           김현수 역시 베이징올림픽 금메달 주역이다 일본과의 예선전에서는 22 동점이었던 9회 초 1사 12루에서 대타로 출전 당시 일본 마무리 투수였던 이와세 히토키를 상대로 역전 적시타를 뽑아내며 한국의 53 승리를 이끌었다 결승전에서도 02로 지고 있던 4회 말 좌전 안타로 추격 득점 발판을 만들었다 김현수는 도쿄올림픽 한국 대표팀의 주장을 맡았다           한국 야구는  통신이 20일 발표한 예측에서 메달권 밖으로 밀렸다 일본은 금메달을 획득할 것으로 전망됐다 그런 일본은 한국을 가장 경계하고 있다         안희수 기자 
[한 컷] 도쿄 올림픽 개막 D-2,2021.07.21 00:14,     한 컷 721         20일 양궁 대표팀의 첫 훈련이 실시된 일본 도쿄의 양궁장을 열화상 카메라로 촬영해 보니 40도를 넘기고 있네요 대표팀이 코로나 더위 모두를 극복하고 선전하길 기원합니다  장진영 기자
"[장진영 기자의 여기는 도쿄] 39.4도, 무더위와 전쟁하는 태극 궁사",2021.07.21 00:03,     한국 양궁 대표팀이 훈련을 시작한 도쿄 유메노시마 양궁장 열화상 카메라로 촬영해보니 40도 전후가 나왔다 장진영 기자              섭씨 394도  힘든 환경서 웃음과 자신감 보여 한국 양궁 금메달 4개 딸 것        한국 양궁 대표팀이 적응 훈련을 시작한 일본 도쿄 유메노시마 양궁장은 정말 뜨거웠다 열화상 카메라에는 더울수록 빨간색이 진하게 보이는데 선수들이 활시위를 당기는 지점이 태양처럼 붉었다          20일 도쿄 예상 기온은 최고 33도 체감 온도는 38도 정도였다 순간적으로는 40도 가까이 나왔다 셔츠가 땀에 흠뻑 젖었다 햇살이 정수리에 직각으로 꽂히는 느낌이다 셔터를 누르는 손에는 소금기가 묻어 나오는 것 같았다 물로 계속 씻어내야 했다 여자대표팀 안산20은 머리 위에 얼음 주머니를 올리기도 했다        여자대표팀 안산은 머리에 얼음 주머니 얹고 더위를 식혔다 장진영 기자              매립지에 세워진 유메노시마 양궁장은 도쿄만 바로 옆에 있다 보통 바닷가 옆에 있으면 해풍이 불어 습도가 높다 그런데 이곳의 바닷바람은 강하게 느껴지지는 않았다 좌우로 부는 바람도 생각보다는 약한 편이었다 해안가 특유의 습한 느낌이 피부에 와 닿는 정도였다 물론 오전이라서 아니면 이날만 그럴 수도 있다          남자대표팀 오진혁은 2년 전 유메노시마 양궁장에서 열린 프레 올림픽 때보다 바람이 좀 더 분다 그래도 충분히 읽을 수 있는 바람이다 바람이 없다면 더 고득점을 쏠 수 있다 우리 선수들에게 유리할 것이라고 말했다 박채순 총감독도 스탠드에 올라가 바람을 세심하게 살폈다          한국 대표팀은 지난 5월 도쿄만과 유사한 환경이라는 전남 신안군 자은도에서 특별 훈련을 했다 도쿄 양궁장과 비슷한 풍향과 햇빛 안개 속에서 훈련했다 직접 와보니 바닷바람보다 무더위가 더 큰 변수 같아 보였다          그래도 양궁은 대한민국이 자랑하는 최종병기 활 아니던가 세상에서 제일 쓸데없는 일이 한국 양궁 걱정이다 여자대표팀 강채영25과 장민희22는 계속해서 꺄르르 꺄르르 웃었다 얼굴에 선크림을 바를 때부터 하하 호호 웃음이 끊이지 않았다           대회 조직위원회 관계자의 촬영 요청도 즐겁게 받아줬다 강채영은 취재진을 향해 손가락  표시도 했다 대표팀은 전날 도착했는데도 컨디션이 좋아 보였다 다들 자신감이 충만한 것 같다             무더위 속에서 열린 도쿄 첫 적응 훈련 오진혁은 강한 햇살을 대비해 선글라스를 꼈다 장진영 기자         여자대표팀 안산은 진지한 표정이었다 그는 심박수 측정 때 가장 변화가 없는 강심장이라고 한다 맏형 오진혁40은 유난히 오랫동안 활시위를 당겼다 미러 선글라스를 쓰고 계속해서 연습했다 대표팀은 이날 오전 예선 경기장에서 훈련했다 가까운 거리에서 까만판에 쏘고 이후 거리가 꽤 있는 과녁판을 정조준했다          지난 19일 통신은 도쿄올림픽에서 한국이 금메달 10개을 딸 거로 예상했다 그중 양궁에서 4개가 쏟아진다고 전망했다 남녀 단체전과 혼성전 여자 개인전강채영의 금빛 활시위를 점쳤다 남자 개인전에서만 브래디 앨리슨미국이 김우진을 2위로 밀어낼 것으로 내다봤다          통신의 예측이 틀릴지도 모른다 한국 양궁은 2016년 리우올림픽에 이어 전 종목 석권을 노린다 그게 성공한다면 금메달 5개다 양궁은 23일 랭킹라운드를 시작한다 24일에는 도쿄올림픽에 신설된 혼성 단체전 금메달이 결정된다        도쿄장진영 기자 
"리우 '노골드' 수모 갚는다, 안창림·김원진·안바울",2021.07.21 00:03,유도 남자 60급 김원진29 66급 안바울27 73급 안창림27은 2016 리우올림픽에서 혜성처럼 등장했다 당시 20대 초반 나이였던 이들은 모두 세계 랭킹 1위에 오를 만큼 기세가 좋았다 한국 유도계는 이들이 금메달을 딸 거로 기대했으나 결과는 정반대였다 김원진과 안창림은 조기 탈락했고 안바울은 은메달을 땄다 실력도 경험도 부족했다 한국 유도는 2000년 시드니 대회 이후 16년 만에 올림픽 노골드 아픔을 맛봤다       도쿄 반전 꿈꾸는 유도 3인방안창림 오노와 숙명의 라이벌전김원진 아버지 영전에 금 바칠 것안바울 5년 전 금 놓친 한 풀겠다   그로부터 5년이 지났다 도쿄올림픽에서 세 선수는 다시 한번 금메달에 도전한다             안창림         두 번째 올림픽에 나서는 안창림은 조국을 택한 내 결정이 틀리지 않았다는 것을 증명하겠다며 벼르고 있다 재일교포 3세인 그는 쓰쿠바대 2학년이던 2013년 전일본학생선수권에서 우승했다 안창림은 일본 유도계의 귀화 권유를 뿌리치고 용인대에 편입했다 리우올림픽에서 오노 쇼헤이일본가 금메달을 따자 일부 일본 팬은 안창림이 일본에서 대표가 될 자신이 없어 한국으로 도망쳤다 오노와 맞붙기도 전에 탈락했다며 조롱했다          오노는 이번 올림픽에도 출전한다 안창림은 오노를 상대로 6전 전패다 올해 출전한 두 대회아시아선수권 2월 마스터스 4월에서 모두 우승했을 만큼 안창림의 컨디션이 좋다 그는 고향도쿄에서 열리는 올림픽인 데다 경기 장소가 대학 시절 전국대회 우승을 경험했던 무도관이다 기운이 좋다 오노를 꺾고 반드시 태극기를 휘날리겠다고 각오를 밝혔다             김원진         김원진은 아버지 영전에 금메달을 바치겠다는 생각뿐이다 그의 부친 김기형씨는 지난 1월 심근경색으로 급작스럽게 세상을 떠났다 카타르 도하 마스터스 대회에 출전 중이던 김원진에게 가족은 부음을 전하지 않았다 대회를 잘 마치길 바라는 마음에서였다 결국 김원진은 국가대표 1진이 된 후 첫 메이저 대회에서 처음 우승했다 그는 환하게 웃으며 금메달을 목에 걸었다 그러나 시상대에서 내려온 뒤 부친의 별세 소식을 듣고 오열했다          김원진은 요즘 중량급 선수와 훈련한다 힘 좋은 유럽 선수에 대비하는 특별 훈련이다 김원진은 아버지는 아들이 국가대표라는 걸 자랑스러워하셨다 생전에 금메달을 선물해드리지 못해 속상하다 늦었지만 도쿄에서 우승해서 아버지 영전에 금메달을 바치겠다고 다짐했다             안바울         안바울은 리우올림픽 결승에서 당시 세계 26위 파비오 바실레이탈리아에게 패했다 한 수 아래 상대에게 패했지만 올림픽 첫 출전에서 좋은 성적을 거뒀다는 생각에 자부심도 느꼈다 그러나 주변의 반응은 달랐다 유도 팬은 금메달을 놓치고 어떻게 웃을 수 있나 무늬만 세계 1위라며 비난했다          안바울은 이를 갈았다 주특기인 왼쪽 업어치기뿐 아니라 반대쪽 업어치기를 연마했다 매일 10를 30분에 뛰었고 산에서 크로스컨트리를 34바퀴씩 했다 동료들은 그를 독종이라고 불렀다 유도에서 주특기는 평생에 걸쳐 익힌 기술을 말하는데 안바울은 5년 만에 주특기를 하나 더 체득했다 노련미까지 더했다 그는 바둑처럼 4분 경기 시간 내 일어날 모든 상황에 대해 시뮬레이션한다 안바울은 매트 안에서 벌어지는 일은 전부 컨트롤할 수 있다 금메달을 확신한다고 말했다   용인피주영 기자 
“아직도 남의 땅 탐내는 일본…'독도교육올림픽' 연 이유다”,2021.07.21 00:03,     경북 구미 선산초 학생들이 독도 릴레이 마라톤을 마친 뒤 인증샷을 찍고 있다 독도 릴레이 마라톤은 울진독도 직선거리 2168를 2168명이 나눠 뛰는 행사다 사진 경북교육청         지난 6일 경북 안동시 풍천풍서초등학교 작은 태극기를 손에 든 어린이가 운동장을 뛰고 있었다 다른 학생과 교사까지 모두 운동장으로 나와 그 모습을 지켜봤다 어린이가 100를 모두 달리자 양손에 태극기를 든 교사가 곧장 그 기세를 이어받아 달리기를 시작했다       임종식 경북도교육감 인터뷰취임 3년 독도교육올림픽 기획마라톤퀴즈대회전시회 등 열어학생과 함께 독도수호 결의대회도일본의 억지 주장 후세대에 알려야   학교 구성원이 무더운 날씨에도 이어달리기에 나선 건 독도가 대한민국 영토임을 알리기 위해서였다 경북 울진군에서부터 울릉군 독도리까지 직선거리로 2168에 달하는 거리를 2168명이 100씩 나눠 뛰는 비대면 독도 릴레이 마라톤 행사다          비대면 독도 릴레이 마라톤 행사는 경북교육청이 주관하고 있는 독도교육올림픽의 한 종목이다 마라톤뿐 아니라 독도 사랑 퀴즈대회 독도사랑음악회 독도수호결의대회 등 다양한 행사가 진행되고 있다 독도교육올림픽은 625 한국전쟁 71주년이었던 지난달 25일부터 시작해 일본 도쿄올림픽 개막 바로 전날인 이달 22일까지 이뤄진다          특히 지난 15일에는 독도 이사부길에서 일본이 도쿄올림픽 성화 봉송 지도에 대한민국 영토인 독도를 표기한 것을 규탄하는 독도수호 결의대회를 열었다 독도 답사단 70여 명과 울릉도에 재학 중인 초중고등학생 12명 교직원 등이 참가해 독도 도발을 규탄하는 성명을 발표했다             임종식 경북교육감         임종식 경북교육감사진은 취임 3주년을 맞아 독도교육올림픽을 기획했다 그는 이번 행사를 두고 다시 독립의 길을 걷는 심정으로 독도교육올림픽을 개최했다고 말했다 임 교육감에게 독도교육올림픽을 추진하게 된 이유와 왜 지금 독도인가에 관해 물었다        일본이 도쿄올림픽을 앞두고도 독도 영유권 도발을 멈추지 않고 있다 일본은 올해 초중고 모든 역사교과서를 통해 독도가 일본 땅이라는 영토교육을 의무화했다 도쿄올림픽을 앞두고 후안무치하게도 독도를 자기네 영토처럼 표시한 지도를 올림픽 홈페이지에 탑재하기도 했다 우리 정부가 강력히 항의했는데도 아직도 지도를 내리지 않고 있다 이는 스포츠에 정치를 끌어들이는 행위를 엄격히 금지한 올림픽 정신을 위배한 것이며 대한민국 영토주권을 침해한 도발행위다      올해 처음 개최한 독도교육올림픽은 어떤 행사인가 독도에 대한 일본의 억지 주장에 대항해 학생들에게 올바른 인식을 심어주고 분쟁의 섬이 아니라 평화의 섬인 독도에 대한 주권수호 의지를 더욱 다지기 위해 마련됐다 독도사랑음악회를 시작으로 독도 수묵화 전시 온라인 독도퀴즈쇼 독도사랑퀴즈대회 사이버독도학교 수료 챌린지 독도수호결의대회 독도 릴레이 마라톤 등 다양한 종목들을 준비했다      학생들에게 이 행사가 필요한 이유는 삼인성호라는 말이 있다 거짓말이라도 여러 사람이 말하면 참말로 믿기 쉽다는 말이다 올림픽 열기에 묻혀 유야무야하다 먼 훗날 이게 또 하나의 독도 침탈의 근거가 될까도 두렵다 오늘 우리가 후세대를 제대로 교육하지 않으면 선조들의 피땀으로 지켜낸 우리 국토가 독도뿐만 아니라 한반도 전체에 분쟁 지역이라는 딱지가 붙을까 더 두렵다 안동김정석 기자 
"올림픽 개막 3일 앞둔 日…""취소 가능성 여전""",2021.07.20 23:26,     2020도쿄올림픽 개막을 일주일 앞둔 16일 도쿄 신주쿠구 도쿄올림픽스타디움 모습 사진 도쿄올림픽사진공동취재단         일본이 도쿄올림픽 개막을 사흘 앞두고 신종 코로나바이러스 감염증코로나19 확산에 따른 대회 취소 가능성을 배제하지 않고 있다는 뜻을 밝혔다          20일현지시간 로이터 통신에 따르면 무토 토시로 도쿄올림픽 조직위원회 사무총장은 이날 열린 기자회견에서 오는 23일 도쿄올림픽 개막을 앞두고 막판 취소 가능성이 있느냐는 질문에 감염 확산 추이를 지켜보고있다며 필요하면 주최 측과 논의할 것이라고 말했다          다만 무토 총장은 현시점에서 확진자가 늘어날 수도 줄어들 수도 있기 때문에 그런 상황이 왔을 때 어떻게 해야할 지 생각해볼 수 있을 것 같다며 코로나19 상황에 따라 다시 5자 회의를 소집하기로 합의했다고 말했다          도쿄올림픽은 현재 일본에서 코로나19 확진자가 급증함에 따라 사실상 무관중으로 경기를 치르게 됐다 일본 공영방송 에 따르면 이날 기준 일본 코로나19 신규 확진자는 도쿄 1387명을 포함해 3758명을 기록했다   김은빈 기자 
"文대통령 방일 취소 결정…""긍정 65.5%, 부정 26.7%""[알앤써치]",2021.07.20 21:12,        문재인 대통령이 20일 오전 청와대에서 영상 국무회의를 주재하고 있다 청와대 제공         문재인 대통령이 도쿄올림픽 기간 일본을 방문하지 않기로 결정한 데 대해 국민 10명 중 6명 이상이 찬성한다는 여론조사 결과가 20일 나왔다          알앤써치가 이날 전국 18세 이상 1095명에게 조사한 결과 문 대통령의 방일 취소 결정에 대한 긍정 평가는 655로 집계됐다 부정 평가는 267 잘 모름은 78였다          문 대통령 국정수행에 대한 긍정 평가는 469로 직전 조사6월 2주차와 비교해 84포인트 상승했다 부정 평가는 501로 52포인트 하락했다          이번 조사의 표본오차는 95 신뢰수준에 30포인트다 자세한 내용은 중앙선거여론조사심의위원회 홈페이지를 참조하면 된다        정혜정 기자 
"올림픽 취소론 여전한데…스가 ""마침내 긴 터널 출구 보인다""",2021.07.20 20:57,     토마스 바흐 국제올림픽위원회 위원장이 지난 18일 도쿄 아카사카 영빈관에서 열린 일본 정부 주최 환영 행사에 참석해 스가 요시히데 총리와 환담하고 있다 연합뉴스         스가 요시히데 일본 총리는 사흘 뒤 개막하는 도쿄올림픽이 대부분 무관중 경기로 치러지지만 무관중 대회로 올림픽의 의의가 훼손되는 것은 아니라고 주장했다          스가 총리는 20일 도쿄에서 이틀 일정으로 열린 국제올림픽위원회 총회에서 일본 국민의 생명과 건강을 지키는 것을 우선하고 선수 및 관계자에게도 안심하고 대회에 참가할 수 있도록 철저한 대책을 추진해 왔다며 이같이 말했다          그는 백신 접종도 시작돼 긴 터널에서 마침내 출구가 보이기 시작했다며 무관중 경기로 도쿄올림픽의 의의가 손상되는 것은 아니다라고 강조했다          또 이날 총회에 참석한 토마스 바흐  위원장은 개회사를 통해 세계 최고의 선수들에게 올림픽이라는 꿈이 마침내 실현되게 됐다며 그들의 세계를 빛낼 무대는 마련됐다고 했다           그러면서 수십억 명이 텔레비전 등을 통해 도쿄올림픽을 보고 일본 국민을 칭송할 것이라고 말했다          바흐 위원장은 우리가 여기에 모일 수 있었던 것은 전 세계 의료 종사자 등 팬데믹세계적 대유행과 싸워준 사람들 덕분이라며 이 어려움을 극복하고 대회를 개최할 수 있는 것은 유치 결정으로부터 8년간 일본 여러분을 신뢰할 수 있었기 때문이다 일본의 헌신과 인내에 감사의 마음을 바치고 싶다고 했다          그러나 두 사람의 바람과 달리 올림픽 개막을 사흘 앞둔 이 날에도 올림픽을 취소해야 한다는 여론은 여전하다 우쓰노미야 겐지 전 일본변호사협회장 주도로 세계 최대규모 청원 사이트에 게시된 도쿄올림픽 취소 청원에는 이날 오전 기준 45만명 이상이 동참했다          또 같은 사이트를 통해 도쿄올림픽 취소 촉구 서명운동을 펼친 학자 언론인 등 14명은 지난 19일 도쿄도청을 방문해 약 14만 명이 동의한 취소 요청서를 전달했다 이들은 코로나19 확산 상황에서 올림픽을 강행하는 것은 제정신이라고 볼 수 없다고 주장했다        정혜정 기자 
중국공산당 창당 100년을 마냥 축하할 수 없는 이유,2021.07.20 18:00,     마우쩌둥왼쪽에서 둘째를 비롯한 중국 공산당 초기 지도부를 그린 상상화 사진위키피디아         중국공산당중공이 지난 1일 창당 100년을 맞아 성대한 축하 행사를 열었다 이날은 중국공산당에는 세기의 경축일이다 미국 민주당1828년공화당1854년 영국 보수당창당 1834년 오스트리아 사회민주당1847년 인도 국민회의1885년 스웨덴 사회민주노동당1889년 남아프리카공화국의 아프리카국민회의1912년국민당1914년 대만 중국국민당1919년에 이어 100년 정당의 하나로 자리 잡았다 창당 23일인데 기념일은 1일진실이념보다 권위 앞세우나대약진운동문혁 오류반성 없어경제성과중화민족주의만 강조동남아 등 주변국 압박도 지적        상하이 중공 건당 유적지 사진위키피디아              중국공산당은 국민당과의 두 차례에 걸친 국공 합작과 옌안 대장정 항일전쟁 국공내전 등을 거쳐 1949년 베이징을 수도로 하는 중화인민공화국을 건국했다 그 뒤 대약진 운동195860년과 문화대혁명6676년이라는 불행한 시행착오를 거쳤지만 개혁개방을 추진해 중국을 경제대국으로 키웠다         지난 6월 28일 베이징 국가체육관에서 열린 중국공산당 창당 100주년 기념 공연 도중 시진핑 주석의 얼굴이 대형 전광판에 비치고 있다 연합뉴스         중국은 명목금액 기준 국제통화기금 2021년 국내총생산 예상치가 16조6400억 달러로 미국22조6752억 달러로 세계 2위다 일본5조3781억 달러 독일4조3192억 달러 영국3조1246억 달러 인도3조497억 달러보다 앞선다 2020년 수출 2조5900억 달러에 수입 2조600억 달러의 무역대국으로 국제적 영향력이 크다 14억4399만 명의 인구의 중국은 2021년 1인당  예상치가 1만1819달러로 세계 평균을 넘었다         6월 19일 산시성 옌안의 난니완 개간지에 세운 중국공산당 입체 휘장 구조물 앞에서 팔로군 복장을 입은 당원들이 플래카드를 앞세워 기념 사진을 찍고 있다 신경진 기자              창당대회는 7월 23일인데 기념일은 1일     중공 100년 행사를 보고 있으면 이해할 수 없는 게 있다 중공은 지난 1일 베이징 천안문광장에서 상대한 창당 100주년 기념행사를 열었다 1일은 중공의 공식 건당기념일71 건당절이다 하지만 중국공산당이 창당대회인 제1차 당대회를 개최한 날은 1921년 7월 23일이다 중공 중앙당사연구실이 펴낸 중국공산당역사19191949서계 번역출간에 그렇게 기록돼 있다      이날 상하이 프랑스 조계외국인 치외법권 지역의 망지로 106번지현재 흥업로 76번지에서 중국공산당 제1차 전국대표대회가 열렸다 전국에 57명 있었다는50여 명으로도 알려졌으며 지금까지 41명이 밝혀졌다 당원을 대표하는 13명과 창당대회인 1차 당대회 개최를 요청한 외국인 코민테른 요원 2명 등 모두 15명이 모였다 그런데 마지막 날인 7월 30일 밀정으로 보이는 중년남자가 회의장을 둘러보고 나간 다음 조계 경찰이 현장을 포위하고 수색했다         중공 초대 위원장 천두슈  사진위키피디아         이들은 상하이에서 서남쪽으로 100쯤 떨어진 저장성 자싱에 있는 난후의 놀잇배로 옮겨 대회를 마쳤다 이들은 당의 기본 임무와 민주집중제 등 조직원칙 규율 등을 담은 중국공산당 강령을 채택했다 천두슈가 중앙집행위원회 초대 위원장을 맡았다      그렇다면 왜 7월 1일이 건당 기념일이 됐을까 중국 인민망의 중국공산당신문뉴스 중국공산당의 성립 부문에 그 이유가 적혀 있다 마오쩌둥이 1938년 5월 옌안에서 내놓은 지구전을 논하다에서 7월 1일을 창당 기념임이라고 언급한 게 계기다      그 뒤 1941년 6월 공산당 중앙위원회 문건에서 창당 20년 77절 4년이라고 표현하며 그날 기념식을 하기로 하면서 이날로 정착됐다 77절은 37년 7월 7일 베이징당시는 베이핑 서남쪽의 루거우차오에서 일본군의 자작극으로 벌인 발포로 중일전쟁이 시작된 날이다 실제 창당한 날짜보다 당과 지도부의 권위를 더욱 중요하게 생각하는 건 아닌지 고개가 갸우뚱할 수밖에 없다              7월 1일 베이징 천안문 광장에서 열린 중국공산당 창당 100주년 기념식에서 연회색 마오복 차림의 시진핑가운데 중국 국가주석이 관중을 향해 손을 흔들고 있다 연합뉴스    처형탈당출당배반창당대회 참석 당원의 운명     1차 당대회에 참석했던 13인의 중국인 공산당원은 지역별로 베이징의 류런징장궈타오 상하이의 리한쥔리다 산둥의 왕진메이 덩언밍 후베이의 둥비우천탄추 후난의 마오쩌둥허수헝 광둥의 천궁보바오후이성 재일중국인대표 저우포하이 등이다 이들은 각자 서로 다른 길을 걸었다      창당 당원 13명 중 당의 지도자로 남아 1949년 중화인민공화국 건국을 본 사람은 마오쩌둥 18931976년 4576년 중공 주석과 둥비우 18861875 6575년 중국 부주석밖에 없다 나머지는 숨지거나 당을 떠났다         1949년 10월 1일 베이징 처안문 망루에서 중화인민공화국 건국을 선포하느 마오쩌둥왼쪽과 둥비우 사진위키피디아         5명이 공산당 활동과 관련해 숨졌다 리한쥔은 탈당 뒤에도 국민당의 의심을 받다 27년 체포돼 처형됐다 허수헝은 35년 장시 소비에트에서 국민당과 교전 중 포위되자 절벽에 투신했다 천탄추는 43년 신장에서 마오쩌둥의 동생인 마오쩌민과 함께 군벌에 체포돼 살해됐다 귀저우 소수민족인 수이족 출신의 덩언밍은 31년 산둥에서 국민당군에 총살당했다         리한쥔 도쿄제국대 출신으로 중국공산당 창당대히에 참가했지만 장궈도와 불화 끝에 탈당하고 국민당에서 일하다 공ㅅ한당 숙청 당시 처형당했다 사진위키피디아         장궈다오리한쥔류런징 3인은 공산당으로부터 출당 당했다 형의 집을 1차 당대회 장소로 제공했던 리한쥔은 장궈타오와 불화를 겪은 끝에 탈당하고 국민당으로 옮겼다 그와 불화했던 장궈다오는 모스크바에서 공부해 소련 노선을 추종했다 농촌혁명을 주장하는 마오쩌둥과도 사사건건 대립했다 대장정에 참여해 36년 연안에 갔지만 38년 탈주해 국민당에 투항했다 49년 공산당이 대만을 제외한 본토 대부분을 장악하자 홍콩을 거쳐 캐나다로 망명했다 이들은 스스로 당을 떠났고 당도 이들을 출당 조치하고 제명했다      류런징은 독특한 경우다 소련에 유학해 마르크스레닌주의를 공부하고 귀국하다 터키에서 레온 트로츠키를 만나면서 트로츠키파로 분류돼 출당을 당했다 국민당에 포로로 잡히면서 반공 활동을 했지만 49년 신중국 건국 뒤 자아비판을 하고 대륙에 남았다 소련 공산당의 당내 투쟁이 중국으로 번진 셈이다      창당대회 참석자 중 탈당한 사람은 장궈다오리한쥔을 포함해 6명이다 리다는 29년 탈당했다가 49년 복당했지만 문화대혁명 당시인 66년 홍위병의 폭행으로 숨졌다 바오후이성은 국공분열 뒤인 27년 탈당하고 국민당 정부에서 고위 관리로 일하다 신중국이 건국되자 베이징에서 관리를 지냈다      저우포하이와 천궁보는 공산당에서 탈당하고 4044년 존속한 왕징웨이의 친일 괴뢰정권에서 고위직을 맡아 한간중국인 매국노으로 통한다 천궁보는 46년 처형됐고 저우포하이는 48년 무기직영을 선고받고 복역하다 옥사했다 이념 앞에 인간들이 보여준 다양하기 그지없는 모습이다           소련이 보낸 외국인 공산주의자들이 창당 지도     중국인 마르크스주의자들을 1919년 54운동을 계기로 동아리 수준의 지역 공산당 세포조직을 만들었다 하지만 전국 단위 조직활동이나 혁명 경험은 없었다 이들을 지도해 전국 단위의 중국공산당을 만든 것은 소련이 주도한 국제공산당 조직인 코민테른이었다 코민테른에서 중국에 파견한 마링이라는 인물이 중공 창당대회인 1차 당대회를 이끌었다 중공 창당은 공산주의의 세계 확산이라는 소련 공산당의 치밀한 계획하에 이뤄진 작업이었음을 알 수 있는 대목이다 중공은 소련이 기획 창당한 공산당 중 드물게 100년을 버텼다          마링 네덜란드 공산주의자로 블라디미르 레닌의 지시로 중국에 파견돼 중공 창당을 이끌었다  사진위키피디아         마링은 본명이 헨데리크 스네블리트18831942년로 네덜란드 마르크스주의자였다 본국에서 철도 노동자로 노동운동을 하다 식민지였던 네덜란드령 동인도현재 인도네시아로 옮겨 마르크스주의를 동남아시아에 처음 전파했다 볼셰비키 지도자 블라디미르 레닌의 지시로 중국에 파견된 그는 중국 공산당 창당을 목표로 낯선 중국에서 움직인 끝에 창당대회를 열 수 있었다 스네블리트는 제2차 세계대전 중 네덜란드에서 공산주의계 레지스탕스 운동을 이끌다 42년 독일군에 잡혀 동료들과 함께 총살당했다         니콜스키라는 가명으로 상하이 중공 창당대회에 차석해 축하 연설을 했던 코멘테른 여원 블라디미르 네이만 사진위키피디아         1차당대회에는 니콜스키로 불린 러시아인이 참석해 연설까지 했다 니콜스키는 블라디미르 네이만18981938이 본명으로 코민테른 극동국 서기였다 그는 소련으로 돌아갔다가 독재자 이오시프 스탈린 시대 벌어진 대숙청에 휘말려 38년 극동 하바롭스크에서 간첩 혐의로 총살당했다 스탈린 사후인 56년 복권됐다              지난 1938년부터 1943년까지 마오쩌둥이 은거했던 옌안 양자링 근거지의 토굴 유적지에 걸려있는 마오쩌둥과 장칭 부부 사진 중국공산당 창당 100년을 맞아 혁명 유적을 순례하는 당원의 방문이 끊임없이 이어지고 있다 신경진 기자     대약진운동문화대혁명사과와 재발방지 약속은     중공과 중국은 건국 초기 숱한 시행착오를 겪었다 당과 지도자의 실수로 인민이 고초를 겪었다 미국 하버드대의 중국사 석학인 존 킹 페어뱅크는 저서 신중국사수정증보판까치 번역 출간의 대약진운동19581960년 장에서 대략 2000만3000만 명이 중공의 의해서 강행된 정책 때문에 영양실조와 기아로 목숨을 잃었다고 서술했다 페어뱅크는 사망률의 증가를 보여주는 통계 숫자만 보더라도 이것은 인류가 경험한 대재앙의 하나임이 틀림없다고 강조했다      중국계 미국 역사학자인 이매뉴얼  쉬는 근현대 중국사인민의 탄생과 굴기까치 번역 출간의 대약진운동과 인민공사에서 당시 마오쩌둥이 15년 이내에 영국의 공업생산력을 따라잡거나 심지어 추월할 것이라고 언급했다고 적어 마오와 중공의 책임을 분명히 했다         대장정 당시의 마오쩌둥 말탄 사람 사진위키피디아         페어뱅크는 문화대혁명 19661976년 장에선 1957년 반우파투쟁에서 시작된 중국의 잃어버린 20년의 종말이라고 표현하고 대재앙의 범위가 너무나 광범위했기 때문에 직접적으로 대략 1억 명이 거기에 휘말렸다고 기술했다 쉬는 81년 6월의 중공 제11기 제6차 중앙위원 전체회의가 문화대혁명은 마오쩌둥 동지가 일으키고 지도한 것이라며 역사가 이미 판명했듯이 문화대혁명은 지도자가 잘못해 일으켰다고 보고서에 명시했음을 지적했다 쉬는 이 시기 중공이 권력은 부패를 초래하고 절대적인 권력은 절대적인 부패를 초래한다는 격언을 명심해야 한다는 교훈을 얻었어야 한다고 지적했다 그런데도 중공은 문혁을 주도했던 4인방을 단죄한 것 외에는 책임자 처벌이나 재발 방지를 위한 권력 분산 등의 조치는 없었다 중공에는 두고두고 정치적역사적 부담이 될 수밖에 없다              6월 28일 베이징 올림픽 경기장에서 열린 중국공산당 창당 100년 전야제  중 화려한 불꽃놀이가 펼쳐지고 있다  사진    중공 굴기 100년공산당 이념의 실현인가     중국공산당의 100년과 그 체제는 중국을 바꿨지만 세계적으로 영향을 주진 못했다 중공을 이끈 마오쩌둥의 사상의 해외 확산 현황을 보면 알 수 있다 대표적인 것이 캄보디아의 폴 포트 정권이다 농촌을 혁명의 핵심으로 삼은 마오의 영향을 받은 폴 포트는 7579년 캄보디아를 통치하면서 도시 주민을 농촌으로 강제로 이주시키고 지주자본가지식인반대파 등 200만 명을 대량 학살한 킬링필드를 일으켰다 페루공산당에서 분리된 마오주의 분파 빛나는 길은 농촌을 기반으로 무장투쟁을 하다 소멸했다 네팔에선 마오주의 공산 반군이 게릴라전을 벌이다 제도권 정치에 편입됐다 이처럼 국제적으로는 일부 개발도상국의 실패한 공산당에 영향을 주는 데 그쳤다는 평가다 전 세계에 영향을 줬던 볼셰비키 혁명과 달리 중국공산당의 100년 역사는 국내용이라는 평가가 나올 수밖에 없다      중국공산당은 눈부신 경제 실적에도 폐쇄적 민족주의와 공세적 대국주의로 좌파 이념의 본류에서 이탈했다는 평가를 받는다 중국공산당은 실질적인 일당독재를 하면서 중국의 정치사회를 통제하는 유일 권력으로 자리 잡고 있다 미국과 유럽을 비롯한 서방으로부터 인권과 민주주의 분야에서 끊임없이 도전을 받는 이유다 그러면서 남중국해 해양 영토분쟁으로 동남아시아 국가로부터 지역 평화를 위협하는 존재로 평가받는다      이와 함께 역사에 대한 반성 없는 무오류주의 과도한 자기중심주의로 전 세계에서 존경을 받는 국가라기보다 경계의 대상으로 자리 잡고 있는 것도 사실이다 소프트파워나 가치가 아닌 경제력과 군사력을 앞세운 외교의 결과로 볼 수 있다 중국공산당엔 세기의 축제라고 할 수 있는 건당 100년을 이웃나라들이 마냥 축하할 수는 없는 이유다      채인택 국제전문기자   
"'마지막 올림픽' 김연경, 도쿄 입성…""어려운 시기 국민들께 힘 될 것""",2021.07.20 17:11,     배구 국가대표 김연경 등 선수들이 20일 도쿄올림픽 출전을 위해 나리타 국제공항으로 입국하고 있다 연합뉴스         한국 여자 배구대표팀 주장 김연경33이 자신의 세 번째 올림픽이자 마지막 올림픽 출전을 위해 일본 도쿄에 입성했다          김연경은 여자 배구대표팀 선수단과 스테파노 라바리니 감독 등 코치진과 함께 20일 일본 나리타국제공항을 통해 일본에 입국했다          김연경은 신종 코로나바이러스 감염증코로나19 검사를 받는 등 입국 절차가 생각보다 오래 걸렸는데 무사히 잘 도착해 다행이라며 일본 땅을 밟으니 올림픽이 다가왔다는 것이 실감 난다는 소감을 밝혔다          앞서 김연경은 두 번의 올림픽을 경험했다 2008년 베이징올림픽에선 본선 진출에 실패했고 2012년 런던올림픽에서는 1976년 이후 36년 만에 4강에 올랐으나 34위전에서 일본에 패해 메달 획득에 실패했다 2016년 리우올림픽에서는 8강전에서 져 최종 순위 5위를 기록했다          김연경은 자신의 마지막 올림픽인 도쿄올림픽에서 1976년 몬트리올 올림픽 동메달 이후 45년 만에 올림픽 메달 획득을 노리고 있다           김연경은 그동안 진천선수촌에서 휴식 없이 올림픽을 준비했고 국제배구연맹 발리볼네이션스리그를 통해 부족한 점을 보완했다며 이전 경기보다는 좋은 모습을 보여드릴 수 있을 것이라고 말했다          그러면서 예선전을 앞두고 이탈리아와 친선 경기가 있는데 준비를 잘하겠다고 덧붙였다          김연경은 이번 도쿄올림픽에서 여자 배구대표팀 주장이자 한국 선수단 주장으로 선임됐다 23일 열리는 개막식에서는 대표팀 기수로 나선다          김연경은 훌륭한 선수들이 많은데 제게 중요한 역할을 맡겨주셔서 감사하다며 어려운 시기를 겪는 국민들께 최선을 다하는 모습을 보여드리겠다는 각오를 밝혔다          선수촌 등 코로나19 확산 문제가 심각하다는 우려에는 식사 문제가 중요할 것 같아서 한국 음식을 많이 챙겨왔다라고 말했다          김연경을 비롯한 여자 배구대표팀은 오는 25일 조 조별리그 첫 경기 브라질전을 시작으로 올림픽 금메달을 향한 여정에 나선다         정혜정 기자 
"[도쿄 V로그]편의점 15분 컷, 버블 방역? 거품 방역?",2021.07.20 16:31,          도쿄올림픽 취재를 위해 일본에 온 지 3일째 입국 다음날부터 총 나흘간 자가 격리를 해야 합니다 매일 자가 진단 키트를 활용해 코로나19 검사를 합니다          유일하게 허용된 자유는편의점 15분 방문 호텔 로비를 24시간 요원이 돌아가며 지키고 있습니다          405호 20시 46분 방 호수와 출발 시간을 적습니다 그런데 신분증 검사는 따로 안 하네요          편의점으로 출발 예능 런닝맨 미션 같아요 거리는 1분 그나마 가까워 다행입니다                     빠르게 편의점을 스캔 도시락을 고릅니다 살 물품 외엔 만지지 말고 최대한 빨리 구입해 나와라는 지침을 깜빡했네요 그런데 편의점 직원이 뭐라고 하지는 않습니다          스포츠 신문 1면은 일본농구대표팀의 하치무라 루이 지난 18일 평가전에서 일본이 프랑스를 꺾는 이변에 앞장선 선수죠 라면 코너의 컵라면 모델도 하치무라미국프로농구 워싱턴에서 활약하는 선수 답게 인기가 대단하네요          15분 내에 호텔에 복귀해야 합니다 빠르게 계산하고 뛰어갑니다 20시59분 다행히 13분 만에 다녀왔습니다          그런데 15분을 넘으면 어떻게 되는걸까요 보안 요원은조직위원회 본부로 연락한다 어기면어떻게 될지는 모르겠다고 말했습니다 위반시 경고 조치가 내려집니다          조직위는 버블 방역을 외치고 있지만 거품 방역이라는 지적도 나옵니다 익명을 요청한 한 일본인은 편의점 15분 룰은 오버라고 생각한다고 말했습니다 반대로 일본 야당이 방역 차원에서 편의점 15분 룰을 반대한다는 보도도 나오네요 이대로면 편의점에는 가지 못하게 됩니다        도쿄박린 기자 7
'런던 MVP' 김연경와 '리우 MVP' 주팅의 마지막 맞대결,2021.07.20 12:58,     서울뉴스1  8일 여자배구대표팀 김연경이 태국 나콘라차시마에서 열린 아시아대륙 예선 조 두번째 경기인 이란과의 경기에서 득점 성공 후 환호하고 있다  여자배구대표팀은 이란과의 경기에서 세트스코어 30으로 승리해 2연승을 거두고 준결승 진출을 확정했다  제공 202018뉴스1         배구 여제 김연경33중국 상하이가 마지막 올림픽에서 첫 메달에 도전한다 올림픽 2연패에 도전하는 중국 에이스 주팅27과 대결도 피할 수 없다          한국 여자 배구는 1976년 몬트리올 올림픽동메달 이후 40년 넘게 메달을 따내지 못했다 2012년 런던 올림픽에선 4강까지 진출했지만 동메달결정전에서 일본에 패했다 2016 리우데자네이루 대회는 8강에서 네덜란드에 졌다 세계 예선에선 아쉽게 러시아에 역전패했지만 아시아예선에서 태국을 물리치고 3회 연속 올림픽 출전권을 따냈다          한국의 간판은 단연 김연경이다 김연경은 런던 올림픽 다 8경기에서 무려 207점1위을 올려 경기당 평균 259점을 기록했다 세계 최고 여자 배구리그인 터키 리그에서도 꾸준히 활약하며 우승 청부사 역할을 했다 페네르바체 시절엔 세계에서 가장 많은 연봉120만 유로 추정약 15억원를 받기도 했다          하지만 4년 뒤 리우 올림픽에선 주팅이 새로운 배구 여제로 떠올랐다 중국은 주팅의 활약을 앞세워 2004년 아테네 올림픽 이후 12년 만에 금메달을 따냈다 주팅은 득점 1위179점 공격종합 1위4227 리시브 4위에 올랐다 주가를 올린 주팅은터키 바키프방크에 입단하면서 110만유로14억원에 계약했다 2010년대 여자배구 최고의 선수는 김연경과 주팅이라 해도 과언이 아니었다             중국 여자배구 대표팀 주장 주팅 사진 국제배구연맹         둘의 스타일은 다르다 중학교 때까지 키가 작았던 김연경은 리베로 변경도 고민하는 등 수비에 집중했다그러나 뒤늦게 키가 192까지 자랐다 기본기가 탁월했던 김연경은 공수에서 모두 뛰어난 선수로 성장했다          주팅은 공격력에 좀 더 무게가 실린다 김연경보다 키가 6 큰 데다 점프력도 뛰어나다 스파이크 높이는 327나 된다 높은 타점에서 때리는 스파이크는 압도적이다 수비력은 김연경에 밀리지만 블로킹 능력은 더 뛰어나다          주팅은 어린 시절부터 김연경이 나의 우상이라고 밝혔다 터키에서 뛸 때는 스스럼없이 지내며 함께 식사를 하는 사이였다 물론 코트에선 언제나 양보 없는 대결을 펼쳤다주장으로서 팀을 이끌고 있다는 점도 똑같다          팀 대 팀으로 보면 주팅의 중국이 훨씬 강하다 중국은 리우 올림픽 우승을 이끈 랑핑 감독과 당시 멤버들이 아직 대다수 남아 있다 신예선수들의 기량도 만만치 않다 지난달 끝난 발리볼네이션스리그에선 대회 초반 2진급을 내보내고도 5위에 올랐다 미국 브라질과 함께 가장 강력한 우승후보로 꼽힌다          한국은 이재영이다영 자매가 학교 폭력 문제로 대표팀에서 빠지면서 전력 손실이 크다 에서도 3승12패에 그치면서 16개국 중 15위에 머물렀다 주팅이 빠지는 등 2진을 내세운 중국에게도 패했다             2021 에 출전중인 여자배구 국가대표 김연경 사진 국제배구연맹          한국이 그래도 믿을 건 에이스 김연경이다 김연경이 지난해 한국으로 돌아온 건 올림픽에 집중하기 위해서다 연봉 대폭 삭감을 감수하고도 대표팀에도 집중할 수 있는 환경을 찾았다33세인 김연경은 이번이 마지막 올림픽이라고 이미 선언했다          주팅도 이번 올림픽이 간절하다 고질적인 손목 부상 때문이다 수술까지 이어지진 않지만 주팅은 오른손목에 보호대를 착용하고 경기를 뛴다 그래서 랑핑 감독도 올림픽을 대비해 터키를 떠나 중국에서 뛰길 권했다 유럽보다 경기수가 적고 부담이 적기 때문이었다             김연경의 한국 대 주팅의 중국 맞대결   자카르타연합뉴스 김주성 기자  23일 오후현지시간 자카르타 겔로라 붕 카르노 배구장에서 열린 2018 자카르타팔렘방 아시안게임 여자배구 조 예선 3차전 한국 대 중국 경기 양국 대표팀 주장인 김연경과 주팅이 경기 전 악수를 하고 있다 2018823    끝  저작권자 연합뉴스 무단 전재재배포 금지         세계랭킹 14위 한국은일본세르비아브라질도미니카공화국케냐와 함께 조에 배정됐다 중국은 미국터키 등과 조에 편성됐다 조별리그 순위에 따라 8강 또는 4강에서 만날 가능성이 높다          김연경  주팅                                      김연경주팅33나이27대한민국상하이국가팀중국톈진192 73신체조건198 78레프트포지션레프트315스파이크 높이327공격 수비강점공격 블로킹2012 런던 올림픽 경력2016 리우 올림픽 김효경 기자 
"선수촌 '범 내려온다' 바꿔 내걸자…日네티즌 ""반일"" 또 트집",2021.07.20 12:02,     17일 도쿄 하루미 지역 올림픽선수촌 대한민국 선수단 숙소에 범 내려온다 문구가 적힌 현수막이 펼쳐져 있다 도쿄올림픽사진공동취재단         도쿄올림픽 개막을 앞두고 선수촌 현수막을 둘러싼 한일간 장외 신경전이 계속되고 있다 한국 선수촌에 걸렸던 이순신 장군 현수막이 철거되고 범 내려온다 현수막이 새롭게 게시되자 일본 네티즌들이 또 반일이라며 트집을 잡고 있다          범 내려온다 현수막이 걸린 건 지난 17일 오전이다 범 내려온다는 판소리 수궁가의 한 대목으로 국악 밴드 이날치가 이를 재해석해 내놓은 곡 제목이다          앞서 대한체육회는 지난 14일 도쿄올림픽 선수촌의 한국 선수 거주층 발코니 외벽에 이순신 장군이 선조에게 올린 내용에서 착안한 신에게는 아직 5000만 국민의 응원과 지지가 남아 있사옵니다라는 한글 현수막을 부착했다          이에 일본 언론들은 일제히 반일 메시지라고 문제 삼았고 극우단체는 일본 제국주의와 군국주의의 상징인 욱일기를 흔들며 항의했다 논란이 커지자 는 현수막 철거를 요청했고 한국 선수단 숙소 외벽에는 이순신 현수막 대신 호랑이를 소재로 한 범 내려온다 그림이 걸렸다         17일 도쿄 올림픽선수촌 한국선수단 아파트 거주층에서 대한체육회 직원이 신에게는 아직 5천만 국민들의 응원과 지지가 남아 있사옵니다의 이순신 장군 글귀 현수막을 철거하기 전 고심하고 있다     대한체육회는 국제올림픽위원회의 압력으로 현수막을 떼기로 했다 연합뉴스         이에 대해 일본 한류 매체 와우코리아는 지난 19일 한국 선수촌에 새로 걸린 현수막에 대해 일본 네티즌들이 분노를 넘어 어이없어하고 있다는 반응을 보인다고 전했다          해당 매체는 일본 네티즌들이 범 내려온다라는 글귀가 적힌 새 현수막에 대해 일본이 조선 호랑이를 멸종시켰다는 믿음이 드러난 것이라는 반응을 보인다고 언급했다 또 다른 이들은 새 현수막에 독도 표기가 보인다며 현수막으로 빚어진 혼란을 틈타 다케시마일본이 주장하는 독도 명칭 소유권을 주장하려는 속셈이라고 비난했다는 반응을 전했다          이들은 온라인 커뮤니티 관련 글에도 한국은 국제규칙과 국제합의 준수보다 반일 정신을 더 우선하는 나라라고 비판하는가 하면 이번 선수촌 현수막 건도 올림픽 정신보다 반일 정신을 우선시한 결과라는 주장을 펼쳤다   배재성 기자 
"이의리, 日 대표팀 경계 대상…""김광현 이을 왼손 에이스""",2021.07.20 12:00,     일본 야구대표팀이 경계 대상으로 꼽은  이의리 연합뉴스               한국 야구대표팀 왼손 투수 이의리19 타이거즈가 일본 야구대표팀의 주요 경계대상으로 꼽혔다          일본 닛칸스포츠는 20일한국시각 라쿠텐 골든이글스 왼손 투수 하야카와 다카히사23가 가상의 한국 차기 왼손 에이스로 변신해 오는 24일 일본 대표팀과 평가전에 선발 등판할 예정이라고 전했다           이 매체가 암시한 한국 차기 왼손 에이스는 신인 투수 이의리다 김경문 야구대표팀 감독은 지난달 올림픽 최종 엔트리 24인을 발표하면서 이의리는 앞으로 한국 야구의 왼손 에이스로 성장해야 할 선수라고 했다           닛칸스포츠는 하야카와와 이의리는 공통점이 많다 이의리는 지난해 1차 지명을 받고 에 입단했다 체격이 다부지고 짧은 테이크백으로 시속 150에 가까운 직구를 던진다 하야카와처럼 슬라이더 체인지업을 구사하면서 데뷔 시즌 14경기에서 4승 3패 평균자책점 389를 기록했다고 소개했다           하야카와 역시 올해 일본 프로야구 신인드래프트 1순위로 라쿠텐에 입단한 신인 투수다 첫 시즌 13경기에서 7승 3패 평균자책점 339를 올리고 있다 닛칸스포츠는 이의리는 과거 일본의 앞길을 막았던 한국 투수 김광현세인트루이스 카디널스과 양현종텍사스 레인저스의 뒤를 이을 왼손 에이스라며 거듭 경계했다   배영은 기자 
"日 언론 ""文 '벼랑끝 외교' 실패""...소마 공사 조만간 인사 이동",2021.07.20 11:43,일본 언론들이 도쿄올림픽을 계기로 추진된 문재인 대통령의 방일과 한일 정상회담이 무산된 원인은 성과에 집착한 한국에 있다는 한국 책임론을 들고 나왔다 문재인 정부 내에서 한일관계 개선은 어려울 것이라는 전망도 내놨다       요미우리  방일 안할 수 있다며  압박18일까지 회담 실현 가까웠으나 분위기 급변마이니치 의례적 회담에 조건 내건 이 원인소마 정례 인사 이동 통해 자리 옮길 듯      문재인 대통령과 스가 요시히데 일본 총리 연합뉴스              일본 최대 일간지인 요미우리신문은 20일 자에서 올림픽을 계기로 성사될 가능성이 높았던 한일 정상회담이 무산됐다고 전하면서 문 대통령의 벼랑 끝 외교가 실패했다는 제목을 달았다          신문에 따르면 일본 정부는 이번 회담을 구체적인 성과는 없더라도 대화 재개의 실마리로 삼겠다는 생각을 갖고 준비하고 있었다 신종 코로나바이러스 감염증코로나19 영향으로 축소가 불가피해진 도쿄올림픽의 외교 이벤트로 기대하기도 했다          하지만 한국 정부는 성과가 있을 경우 대통령의 방일을 검토하겠다며 회담의 전제 조건을 반복해 언급했다 일본 측에 가지 않을 수 있다는 시나리오를 계속 보여주면서 양보를 압박했다는 게 요미우리의 해석이다 신문은 한국 정부 관계자의 말을 인용해 이를 벼랑 끝 외교라고 표현했다          요미우리는 전날인 19일 문 대통령이 방일해스가 요시히데 총리와 회담하는 것이 사실상 확정됐다고 보도해 결과적으로 오보를 냈다 이와 관련해선 18일까지 90 정도로 회담이 실현되는 쪽이었는데 19일 분위기가 갑자기 달라졌다는 일본 정부 관계자의 말을 전했다          결국 한국은 여러 고려 끝에 수출 규제 해제를 정상회담의 성과로 일본에 요구했으나 일본이 끝까지 이를 받아들이지 않으면서 회담이 무산됐다고 신문은 해석했다 이런 상황에서 소마 히로히사 주한 일본대사관 총괄공사의 부적절한 발언 논란이 확산하며 한국 정부의 태도가 갑자기 강경 쪽으로 선회한 것으로 일본 정부는 파악하고 있다고 전했다             도쿄올림픽 개막일인 오는 23일 도쿄에서 문재인 대통령과 스가 요시히데 일본 총리의 첫 대면 정상회담이 열린다는 19일자 요미우리신문 기사 뉴스1              아사히 문재인 정권하에서 관계개선은 무리     아사히신문도 20일한국 정부가 방일 성과로 염두에 둔 것은 일본 정부가 한국 대법원의 강제 징용 배상 판결에 대한 보복 조치로 2019년 7월 단행한 반도체 소재의 대 한국 수출 규제 철회 등이었다고 보도했다          일본 정부 관계자는 아사히에 일본이 수출 규제 문제에서 양보할 경우 불안정한 상태인 한일 군사정보보호협정지소미아을 정상화하겠다는 한국 측의 제안이 있었다고 말했다 하지만 일본 정부는 지소미아는 수출 규제와 전혀 별개의 문제라며 이에 응하지 않았다는 것이다          아사히는 결국 양국이 타협점을 찾지 못하면서 올림픽을 계기로 한의례 외교라는 호기를 살리지 못하게 됐다면서 임기가 채 1년도 남지 않은 문재인 정권에서의 관계 개선은 이제 무리일 것이라는 일본 정부관계자 말을 전했다          소마 공사 인사 통한 사실상 경질 예정     마이니치신문도 문 대통령의 방일이 무산돼 한일관계 개선의 호기를 놓치게 됐다고 지적하면서 의례적인 외교의 장에서 성과를 수반하는 정상회담 실현을 강력히 요구한 한국 측의 자세가 가장 큰 원인이라고 주장했다          올림픽 개최국 정상은 손님으로 온 다른 나라 정상들과 우호 확인 차원의 단시간 회담을 하는 것이 일반적인데 한국 측이 현안 해결을 위해 일정 시간 이상의 회담을 열어야 한다는 입장을 고수한 것이 회담 무산의 원인이 됐다는 분석이다          한편 일본 정부는부적절한 발언을 한 소마 공사에 대해 인사이동을 통한 사실상의 경질을 계획하고 있을 뿐 즉각 경질이나 징계는 하지 않을 것으로 보인다             소마 히로히사 주한 일본대사관 총괄 공사가 지난 13일 오전 독도 영유권을 주장한 일본 정부의 방위백서와 관련해 서울 종로구 세종대로 정부서울청사 별관 외교부로 초치되고 있다 뉴스1              마이니치에 따르면 일본 정부관계자는 외무성이 조만간 소마 공사를 이동시킬 것이라며 정기 인사이동의 체계를 따르겠지만 한국에서 반발이 거센 것을 고려한 사실상의 경질이라고 말했다           스가 총리는 19일 기자들에게 소마 공사의 발언에 대해 외교관으로서 매우 부적절한 발언이며 유감이라고 말했으나 추후 조치에 대해서는 언급하지 않았다        관련기사오병상의 코멘터리 소마 공사의 망언일본의 속마음이다망언 역공에 유감이 끝이었다 한일회담 결국 파투 관방장관 마스터베이션 발언에 매우 부적절 유감도쿄이영희 특파원 
"""소녀상에 왜 내딸 얼굴이…"" 서경덕 분노케한 합성 사진",2021.07.20 11:12,10년 넘게 욱일기 퇴치와 독도 수호 운동을 이어온 서경덕 성신여대 교수가 도쿄올림픽 욱일기 응원을 비판했다는 이유로 일본 극우세력들로부터 도를 넘은 공격을 받고 있다고 20일 밝혔다        소녀상욱일기에 가족사진까지 합성이순신 장군 현수막 내렸지만 시위는 계속      대한민국 올림픽 선수단 본진이 도쿄로 입성하는 19일 도쿄올림픽 대한민국 올림픽 선수촌 앞에서 일본 극우단체 회원들이 욱일기를 들고 시위를 하고 있다 뉴스1         이날 서 교수의 인스타그램에는 일본 우익 세력들의 총공세가 또 시작됐다며 국제올림픽위원회 위원장토마스 바흐과 위원들에게 욱일기 시위에 대한 조처하라고 항의 메일을 보냈더니 무차별적인 공격을 퍼붓고 있다는 글이 올랐다          함께 올라온 사진엔 욱일기와 서 교수의 얼굴이 합성돼 있었다 이 사진을 올린 계정은 영어 욕설과 서 교수의 영문 이름을 합쳐 새로 만든 익명 계정이었다          이에 서 교수는 피드에 올린 것처럼 인스타그램 다이렉트 메시지으로 댓글로 메일로 저만 공격하면 되는데 딸 사진을 욱일기와 합성하고 심지어 위안부 소녀상과 제 딸 얼굴을 합성하기도 했다며 가족을 건드리건 정말로 있을 수 없는 일이라고 비판했다 으로 받았다는 딸 합성사진은 공개하지 않았다             30일 서경덕 교수의 인스타그램에 올라온 사진 지난 6월 23일 한 인스타그램 이용자가 서 교수의 얼굴과 욱일기를 합성한 사진을 올렸다 서경덕 교수 인스타그램 캡처         그는 그러면서 이렇게 나올수록 저의 전투력은 더 상승한다는 걸 왜 모를까 좀 더 세련된 방법으로 전 세계적인 여론을 움직여 일본 정부를 더욱더 압박해 나갈 예정이라고 밝혔다          앞서 일본군 위안부 소녀상에 말뚝 테러를 저지른 스즈키 노부유키56가 이끄는 일본 국민당 등 극우단체들은 지난 18일부터 도쿄올림픽에 참가한 한국 선수촌 앞에서 욱일기 시위를 진행하고 있다 한국 선수단이 이순신 현수막신에게는 아직 5천만 국민의 응원과 지지가 남아 있사옵니다을 사용했다는 이유다           이후 대한체육회는 가 정치적 활동을 금지하는 올림픽 헌장 50조 위반을 들어 철거를 요구하자 이순신 장군 어록이 담긴 선수촌 현수막을 내렸다 다만 현지 일본 경찰 등은 욱일기 시위를 적극적으로 제지하지 않고 있다             지난 2012년 주한일본대사관 앞 소녀상에 말뚝 테러를 해 위안부 할머니들의 명예를 훼손한 스즈키 노부유키 스즈키 노부유키 블로그 캡처         지난 19일엔 스즈키 노부유키가 한국에서 지명 수배당한 일본 국민당 대표 스즈키 노부유키입니다라는 소개와 함께 연단에 올라 30분 이상 한국이 후쿠시마산 식자재를 두고 뜬소문을 만들고 있다는 등의 항의 발언을 이어가기도 했다          이에 서 교수는 욱일기와 관련한 또 다른 큰 한방을 준비하고 있다며 뛰는 놈 위에 나는 놈이 있다는 걸 이번 도쿄올림픽을 통해 반드시 보여주겠다고 말했다   김홍범 기자 
악연의 라이벌 안창림과 오노 쇼헤이,2021.07.20 11:01,        도쿄올림픽 앞둔 유도 국가대표 안창림 변선구 기자              도쿄올림픽 유도 남자 73급에는 두 명의 세계적 스타가 출전한다 한국 간판 안창림27과 올림픽 2연패를 노리는 일본 에이스 오노 쇼헤이29다 안창림은 2016년 대회에서 처음 올림픽 무대를 밟았는데 16강 탈락했다 반면 오노는 금메달을 목에 걸었다 이번엔 나란히 금메달 후보다          안창림과 오노는 악연이다안창림은 주요 대회 승부처에서 번번이 오노에게 발목 잡혔다2018년 자카르타팔렘방 아시안게임 결승전이 대표적이다 안창림은 오노와 맞붙었는데정규시간 4분 연장전 7분 9초를 합해 무려 11분 9초 동안 혈투를 벌이고 절반패했다 안창림은 아쉬움에 시상대에서 서럽게 울었다             한국 유도 대표팀 안창림 선수가 자카르타팔렘방 아시안게임 당시 오노에 져 은메달을 딴 뒤 우는 모습 뉴스1  30일 인도네시아 자카르타 컨벤션센터에서 열린 2018 자카르타팔렘방 아시안게임 남자 유도 73 메달 세리머니에서 안창림이 은메달을 목에 걸고 눈물을 흘리고 있다 이날 안창림은 결승전에서 일본의 오노 쇼헤이에게 석연치 않는 심판 판정으로 패하며 은메달에 머물렀다 2018830 뉴스1         안창림은 삭발하고 출전한 지난해 뒤셀도르프 그랜드슬램 결승에서도 오노와 만났는데 허벅다리걸기 절반패를 내주며 다시 주저앉았다 오노와 역대 상대 전적은 6전 6패로 자존심을 구겼다안창림이 압도적으로 열세를 기록 중인 선수는 오노가 유일하다 안창림은 오노의 자국 라이벌인 하시모토 소이치에겐 최근 3연승을 기록했다 올해 1월 카타르 도하 마스터스 대회 결승에서도 하시모토를 꺾고 우승했다 현재 안창림은 세계 랭킹 4위 전력 노출을 꺼리는 오노는 많은 국제대회에 출전하지 않아 랭킹이 13위로 다소 낮다          안창림은 도쿄에서 오노에게 설욕하고 생애 첫 금메달을 목에 거는 두 마리 토끼를 쫓는다 준비 과정은 혹독했다 업어치기가 주 무기인 안창림도 새로운 필살기인 허리후리기를 연마했다 안창림은 주특기는 20년 이상 단련한 대표 기술이다 하나 더 만드는 과정은 정말 혹독했다고 설명했다 그는 코로나로 올림픽이 1년 연기되면서 시간을 벌었다그동안 컨디션을 100로 끌어올렸다 2019년 8월 목 부상을 당했는데 회복이 더뎠다 완벽하지 않은 몸상태로 올림픽에 나갈 뻔했다             이게 유도다   자카르타연합뉴스 박동주 기자  30일 오후현지시간 인도네시아 자카르타 컨벤션센터에서 열린 2018 자카르타팔렘방 아시안게임 유도 남자 73급 결승에서 한국 안창림과 일본 오노 쇼헤이가 접전을 벌이고 있다 2018830   6635 끝  저작권자 연합뉴스 무단 전재재배포 금지         그에게 이번 올림픽은 특별한 의미가 있다 안창림은 도쿄에서 태어난 재일교포 3세다 유도 명문 쓰쿠바대 2학년이던 2013년 전일본학생선수권에서 우승했다 그가 전국 대회 첫 금메달을 딴 곳이 바로 올림픽이 열릴 도쿄 무도관이다 안창림은 일본 유도계로부터 귀화를 권유를 받아지만 이듬해 용인대로 편입했다 한국 사람은 태극마크를 달아야 한다고 생각했다 안창림은 우승 기억이 있는 장소에서 경기를 해서 느낌이 좋다고 말했다         올 초 2012 런던올림픽 90급 금메달리스트 송대남이 남자팀 코치로 합류했다 송대남은 안창림의 멘토다 베테랑의 조언 덕분일까 요즘 안창림은 이전보다 침착해졌다 경기 운영도 노련하다는 평가다 안창림은 오노를 꺾고 꼭 금메달을 따고 싶다면서도 오노 하나만 바라보고 훈련한다면 리우 대회 때처럼 다른 선수에게 덜미를 잡힐 수 있다 모든 선수가 라이벌이라는 생각 그리고 먼저 나 자신에게 집중하는 마음가짐으로 준비 중이라고 말했다               73급 한일 라이벌     안창림                   오노 쇼헤이     27세        나이          29세     4위        세계랭킹         13위     업어치기     주특기          허벅다리걸기     16강 탈락     리우올림픽       금메달     6패         상대 전적        6승                                     
"이낙연, '박정희 찬양' 의혹에 “그랬으면 DJ 공천 받았겠나”",2021.07.20 10:25,     더불어민주당 대권주자인 이낙연 후보가 17일 오후 전북 군산시 청소년자치배움터 자몽을 찾아 청소년들과 간담회를 하고 있다 연합뉴스         더불어민주당 대선주자인 이낙연 전 대표가 20일 기자 시절 박정희 전 대통령을 찬양하는 칼럼을 썼다는 일각의 주장에 만약 제가 그랬으면 김대중 전 대통령의 공천을 받았겠냐며 의혹을 일축했다          이재명 경기지사는 지난 17일  라디오에 출연해 518 학살을 옹호하던 사람도 있다 박정희를 찬양하던 분도 계시지 않느냐며 이 전 대표를 직격했다 이 전 대표가 동아일보 기자 시절 전두환 옹호 칼럼을 쓰고 전남지사 때 박정희 기념사업추진위원회 부위원장을 맡았다는 의혹을 제기했다          이에 이 전 대표는 20일 오전  라디오 김종배의 시선집중 인터뷰에서 제가 국회 진출하기 10년 전부터 김 전 대통령이 권유를 했었는데 그럴리가 없고 전남에서 국회의원 4번에 도지사를 했는데 한번도 쟁점이 된 적 없는데 이제 나온 것이 어이없는 일이라고 밝혔다          그는 해당 의혹을 처음 제기한 이 지사를 겨냥해 조급했거나 불안하니까 그런 말을 하는 것으로 받아들인다고 응수했다          옵티머스측의 종로 사무실 복합기 요금 대납 의혹에 대해서도 검찰이 한 사람의 목숨을 버릴 만큼 과잉수사를 했었지 않나 그 결과가 이미 나왔고 수사는 종결된 것으로 안다며 얼마든지 더 엄정한 수사가 있었으면 좋겠다 검찰이 설마 저를 봐줬겠나고 반문했다          이재명  봉사팀 단체채팅방을 만들어 이 전 대표 비방글을 올린 경기도 유관기관 교통연수원 임원과 이 지사와의 연관성을 묻는 질문엔 제가 충분한 정보를 갖고 있지 않다 이미 많은 사람들이 알고 있을 것이다 제가 거기에 대해 말을 얹고 싶진 않다며 에둘러 표현했다          이 지사의 청년장애인 등 특정 계층에게 지급하는 기본소득 정책 제안에 대해선 그런 것은 기본소득이라고 부르지 않고 수당이라 부른다며 굉장히 정치적으로 분식돼 있다 말을 바꿨다기보다 기본소득이라는 개념으로 포장돼 있다고 설명했다          윤석열 전 총장의 중국이 사드 철회를 주장하려면 레이더를 철수시켜야 한다는 발언에 주한 중국대사가 반발한 것에 대해선 윤 전 총장이 그런 문제를 너무 단순하게 보는 것 같다면서도 윤 전 총장 발언이 그렇다 하더라도 외교관이 남의 나라 정치인의 말에 대해 끼어드는 것도 온당한 일은 아니라고 비판했다          전날 문재인 대통령 도쿄올림픽 계기 방일이 결국 불발된 것에 대해선 불가피했다 일본이 현안 해결 의지가 별로 없어 보인 상태에서 더는 미련을 갖는 것이 이상하지 않나고 말했다          이 전 대표는 전날  더라이브 인터뷰에서도 이 지사와 교통연수원 임원이 연관성이 있다고 보는 질문에 가려져야 한다며 그분이 공적인 위치에 있는 분이고 그런 일을 해선 안 된다면 엄정히 조사해서 그럴 일이 없도록 해야 한다고 답했다          이 지사에 대해선 순발력이 참 좋으신 분이라면서 순발력이 때로는 짐이 될 수 있다 굉장히 현란하지 않나 토론을 보신 분은 다 기억하실 것이라고 했다          이명박박근혜 두 전직 대통령 사면론으로 지지율이 하락했던 것에 대해선 이미 사과까지 했다 생각이 그대로면 사과를 했겠냐며 뭐가 씌었나 보다 국민들의 뜻을 훨씬 더 세밀하게 헤아렸어야 한다는 뼈아픈 공부를 했다고 덧붙였다   배재성 기자 
멕시코 야구대표팀 선수 2명 코로나19 확진,2021.07.20 09:22,     지난달 26일한국시각 도쿄올림픽 야구 본선 진출권을 따낸 멕시코 야구대표팀 연합뉴스               도쿄올림픽에 출전하는 멕시코 야구대표팀 선수 2명이 코로나19 양성 반응을 보였다          20일한국시각 통신에 따르면 멕시코 야구연맹과 멕시코리그는 이날 대표팀 소집이 시작된 가운데 무증상 코로나19 감염자가 두 명 발생했다 두 선수는 대표팀 숙소에 한 명씩 따로 격리돼 있다고 전했다           코로나19 확진 판정을 받은 선수는 투수 헥터 벨라스케스와 새미 솔리스로 알려졌다 둘 다 메이저리그 출신으로 각각 보스턴 레드삭스와 워싱턴 내셔널스에서 뛴 적이 있다 현재 멕시코 프로팀 아세레로스 데 몬클로바에 소속돼 있다           멕시코 대표팀은 지난 19일 단체 훈련 소집 후 전원 코로나19 진단검사를 받았다 이 과정에서 확진자 2명이 나와 이날 오후로 예정돼 있던 훈련을 취소했다 멕시코는 일본 도미니카공화국과 함께 예선 조에 속해 있다   배영은 기자 
"日 야구대표팀 야나기타, 옆구리 통증 호소",2021.07.20 07:34,     도쿄올림픽에 출전하는 일본 야구대표팀 최종 엔트리 맨 아랫줄 왼쪽에서 4번째가 야나기타 일본야구기구 트위터 캡처               일본 야구대표팀 중심 타자 야나기타 유키33소프트뱅크 호크스가 단체 훈련 첫날 옆구리 통증을 호소했다           주니치 스포츠 등 일본 언론은 20일 야나기타가 지난 17일 일본 프로야구 올스타전 때부터 옆구리에 이상을 느꼈다 자기공명영상 촬영 결과 뼈에는 이상이 없었지만 19일 진행된 팀 훈련에 참가하지 않고 개인 훈련을 했다고 전했다           우투좌타 외야수인 야나기타는 2010년대 소프트뱅크 왕조를 상징하는 선수다 올 시즌 퍼시픽리그 홈런22개 1위 타점53타점 6위 타율0296 7위에 올라있다           키움 히어로즈 이정후가 올림픽에서 가장 만나고 싶은 일본 타자로 꼽은 선수이기도 하다 이정후는 최근 야나기타를 고등학교 때부터 봤다 직접 보게 되면 신기할 것 같다 경기 준비과정이나 타격 등을 유심히 보면 얻는 게 있을 것이라고 했다           야나기타가 올림픽에 출전하지 못할 가능성은 크지 않다 다만 몸 상태가 썩 좋지 않다는 것만으로도 일본 야구대표팀은 불안해하고 있다   배영은 기자 
백혈병 이기고 女수영 국대 됐다···도쿄올림픽 '21살의 기적',2021.07.20 05:00,     지난해 올림픽 출전 자격을 따낸 뒤 기쁨의 눈물을 흘리는 이케에 선수 연합뉴스              메달 획득 가능성은 희박하지만 뜨거운 응원을 받는 선수가 있다 도쿄올림픽 일본 국가대표 수영선수 이케에 리카코21다 한때 세계 신기록을 갈아치우던 유망주다 자국에서 열리는 올림픽에서 꿈의 금빛 물살을 가를 기대에 부풀었던 그에게 백혈병이 찾아오기 전까지는 그랬다           2018년은 이케에 선수에게 최고의 해였다 그해 인도네시아에서 열린 자카르타팔렘방 아시안게임에서 일본 수영선수로서는 사상 최초로 6관왕 여성 선수 최초로 최우수 선수로 선정되는 역사를 썼다 2020년 메달은 따놓은 당상으로 통했다 그러나 2019년 2월 전지훈련 중이던 호주에서 몸 상태가 급격히 안 좋아졌고 귀국 후 검사 결과가 나온뒤 믿기지 않는다는 트윗을 남기고 입원했다 일본선수권에도 출전하지 못했다 국가대표에의 꿈은 물거품이 됐다              백혈병을 이겨낸 선수의 근육이라고는 믿기 어렵다 이케에 선수의 올해 훈련 연합뉴스              그의 도쿄올림픽 출전 꿈을 살린 건 아이러니컬하게도 신종 코로나바이러스 감염증코로나19이다 코로나19 팬데믹으로 도쿄올림픽이 1년 연기되면서 국가대표 선발 등 여러 과정에 그가 참여할 수 있게 됐다 물론 이케에 선수 본인의 피나는 회복 의지가 먼저였다 그는 입원 중 백혈병은 치료를 확실히 한다면 완치할 수 있는 병이라며 하루라도 더 빨리 강해진 나의 모습을 보여드릴 수 있도록 힘내겠다는 트윗을 올리며 의지를 다졌다           백혈병과의 싸움은 쉽지 않았다 그는 올해 초 와 인터뷰에서 몸을 일으키는 것조차 힘들었다며 숨쉬는 것만으로 피곤하다고 느껴질 정도였다고 회고했다 100 레인을 56초 08에 접영으로 돌파해내던 그로서는 절망적 상황 그러나 2019년이 끝날 즈음 그는 고비를 넘겼고 그해 말 퇴원도 했다 의사의 사인을 받은 지난해 8월 그가 향한 곳은 다름 아닌 수영장              이케에에겐 최고의 한해였던 2018년 아시안게임에서 6관왕에 올랐을 당시의 환한 미소 연합뉴스              몸은 맘같지 않았다 투병 중 그의 수영 근육은 죄다 빠져버렸다 이를 악물고 다시 훈련에 돌입한 그에게 코로나19는 기회였다 국가대표 자격증이 걸린 일본선수권대회는 팬데믹으로 인해 연기되어 개최됐고 그는 가까스로 단체전 출전 자격을 따냈다 파이낸셜타임스는 17일현지시간 이케에의 컴백은 불가능할 것으로 생각됐지만 코로나19가 불가능을 가능하게 했다고 표현했다           그러나 코로나19로 인해 올림픽을 연기 또는 취소해야 한다는 여론이 일본 안팎에서 높아지면서 이케에는 한때 악플 공격의 대상이 됐다 코로나19로 얼룩진 도쿄올림픽 분위기를 반전시키기 위해 당국이 이케에를 희망의 상징으로 활용하면서다 그의 트위터 등엔 올림픽 취소에 왜 앞장서지 않느냐는 악플이 쇄도했다 그러나 그는 상처가 되는 악플 등은 삼가해달라는 정도의 메시지만 냈다 는 악플 세례에 대한 이케에 선수의 반응은 품위있었다며 결국 이케에 선수의 의지가 스가 요시히데 총리까지 움직였고 도쿄올림픽이 무사히 열리게 됐다고 전했다              지난해 7월 도쿄올림픽 성화를 선보이는 이케에 선수 백혈병 투병 때문에 머리가 짧다 로이터연합뉴스              이케에 선수의 메달 획득 가능성은 그러나 크지 않다 그의 주종목은 100 접영이지만 아무리 불굴의 의지를 가졌다 해도 2019년 백혈병을 앓은 직후엔 무리다 그가 출전하는 단체전은 일본 국가대표팀으로서는 출전에 더 큰 의의를 두는 분위기다 는 메달 시상대에는 오르지 못하겠지만 무엇보다 중요한 건 그의 출전 그 자체의 의미라며 7월 말 그의 출전은 일본 안팎에서 뜨거운 주목을 받을 것이라고 전했다           이케에 선수 본인의 기분은 어떨까 그는 외려 담담하다 그는 에 경쟁에 의미를 두기보다 여기까지 올 수 있었던 나의 성취를 스스로 즐기고 싶다며 바닥을 친 사람이 어떻게 다시 떠오를 수 있는지 그래서 올림픽이라는 목표에까지 다다를 수 있다는 것을 조금씩 보여준다면 좋은 일 아니겠나라고 말했다        관련기사강철엉덩이 회원 다이버 나이 서른에 나는 국대다영상라이벌라이벌 23세 동갑내기 이정후와 야마모토 요시노부주목 이선수 난 흑인여성이며 일본인오사카 나오미전수진 기자 
"""사회가 준 도움, 메달로 갚고 싶어"" 도쿄 향하는 특별한 선수들",2021.07.20 05:00,     지난해 4월 도쿄올림픽 사격 국가대표 선발전에서 종합 1위를 차지한 김모세23상무 선수 초록우산어린이재단 제공    지금은 무조건 10점을 쏴야 한다는 마음뿐이죠 지금까지 받은 성원을 좋은 성적으로 보답하고 싶어요          매일 오전 7시 30분에 기상해 하루 300발씩 사격 연습을 하고 있다는 김모세23상무 선수 도쿄올림픽 무대에 임하는 각오를 묻자 곧장 돌아온 대답이다 올림픽에 출전하는 것만으로도 하늘이 주신 기회라고 생각하지만 기회가 왔을 때 잡고 싶다며 당찬 포부를 밝힌 김 선수는 지난 4월 열린 올림픽 대표 선발전 10 공기권총 부문에서 사격 황제 진종오 선수를 누르고 당당히 1위를 차지했다  사격 김모세기계체조 류성현 선수초록우산 유망주 지원 프로그램으로 꿈 키워        강력한 금메달 후보로 떠오른 김 선수지만 아직 진종오 선수의 전성기 시절 기량에 따라가려면 한참 멀었다며 겸손한 모습을 보이기도 했다 사실 김 선수는 2008년 베이징올림픽에 출전한 진종오 선수를 보고 사격 선수의 꿈을 키워온 진종오 키즈다 초등학교 4학년 한창 친구들과 비비탄 총을 가지고 놀던 그는 진종오 선수를 보며 처음으로 나도 한번 사격을 해보고 싶다는 생각을 하게 됐다고 말했다          어려웠던 가정형편에 소총 대신 권총 잡아        지난해 4월 도쿄올림픽 사격 국가대표 선발전에서 종합 1위를 차지한 김모세23상무 선수 초록우산어린이재단 제공         하지만 그가 사격 국가대표가 되기까지의 길은 모세의 기적이라 불릴 정도로 험난했다 김 선수가 초등학생이던 시절 공장에서 일하던 아버지는 신장 이상으로 병원에 입원하게 됐고 장애 3급 판정을 받았다 이후 가정주부이던 어머니는 병원비와 사남매의 생계를 꾸리기 위해 분식집부터 옷 가게까지 안 해본 일이 없었다 장비 값이 비쌌던 소총 대신 권총 종목을 선택하게 된 것도 이런 가정형편의 영향이었다            사격부가 있는 중고등학교에서 연습을 이어갔지만 그에겐 25와 50 권총 훈련에 필요한 실탄 비용조차 감당하기 버거웠다 한발에 250원씩 하루 평균 200발가량을 쏘면 1일 5만원 한 달이면 실탄값만 기본 100만원 이상이 들었다          전국체전서 금메달 딴 뒤 초록우산 지원받아        2020 도쿄올림픽 개막을 나흘 앞둔 19일 오전 일본 도쿄 유메노시마공원 양궁장에서 선수들이 훈련을 하고 있다 뉴스1         그러던 중 고등학교 1학년 때 전국체전에 금메달을 따자 그의 가능성을 보고 손을 내밀어준 곳이 있었다고 했다 학업체육예술 등 각 분야에서 재능있는 만 724세 아동학생을 지원하고 있던 초록우산어린이재단이하 초록우산이었다 재단의 인재양성 사업인 초록우산 아이리더에뽑혀 2015년부터 2017년까지 지원을 받은 김 선수는 그때가 첫 금메달이었는데 그 실적 하나만으로 가능성을 봐주고 후원해준 재단에 지금도 감사한 마음이 크다고 말했다          아이리더 사업에선 아동 1인당 연간 최대 1000만원 내에서 교재 및 훈련비 대회 참가비 등을 지원하고 있다 매년 전국에서 600명 정도가 지원하며 신규로 50명 정도를 선발하고 있다 2021년 기준 283명이 지원을 받고 있다예체능 분야의 경우 재능이 있어도 비용 부담 때문에 꿈을 접는 경우가 많다 재단 측은 집안 사정과 관계 없이 재능 있는 아이들이 꿈을 키울 수 있게 하자는 취지로 이 프로그램을 만들었다고 한다 김 선수의 경우 실탄비와 함께 한 정에 250만원 정도 하는 총 2정을 지원받았다 그는 도쿄행이 확정된 후 바로 재단 측에 연락해 올림픽 출전 사실을 알렸다고 한다 김 선수는 누구보다 어머니가 꼭 연락하라고 당부했다고 전했다          꿈의 무대로 향하게 된 김 선수를 보면서 가족들도 부둥켜안고 기뻐했다고 전했다 김 선수는 선발전이 한 차례 한 차례 끝날 때마다 집에 연락을 드렸다며 아버지가 몇 년 전 신장 이식 수술을 받으셨는데 매번 제 얘기만 나오면 눈물을 흘리신다고 한다고 전했다 코로나19로 올림픽 개최가 1년 연기된 것이 오히려 다행이었다고 밝힌 김 선수는 꼭 금메달을 딸 수 있도록 남은 기간도 매진하겠다며 후배들을 향해서도 포기하지 말고 될 때까지 해라라고 조언을 남겼다           기계체조 1위 류성현 선수도 재단 도움 받아        19세의 어린 나이로 기계체조 올림픽 국가대표 선발전에서 1위를 차지한 류성현 선수 초록우산어린이재단 제공         김 선수 외에 초록우산의 지원을 받고 성장한 신예는 또 있었다 19세의 어린 나이로 기계체조 올림픽 국가대표 선발전 1위를 차지하고 메달 사냥에 나선 류성현19한국체대 선수다 지난 6월 열린 선발전에서 마루운동안마링도마평행봉철봉 6개 종목의 결과를 종합한 결과 류 선수는 첫날 83150점 둘째 날 82800점을 받아 모두 1위를 차지했다 최종 선발전에 오른 17명 중 가장 어린 나이였다          2012년 런던올림픽 때 양학선 선수를 보고 체조를 시작하게 됐다는 류 선수는 16살에 첫 태극마크를 달며 두각을 보였다 하지만 몇 개월 뒤 손목 부상을 입고 대표팀을 나와 치료에 전념한 류 선수는 2018년 다시 대표팀에 합류했다 이후 2019년 세계주니어선수권 마루운동에서 우승한 뒤 지난해에는 호주 멜버른 월드컵에서 금메달을 따며 주목을 받았다           2020년부터 아대훈련비 지원        19세의 어린 나이로 기계체조 올림픽 국가대표 선발전에서 1위를 차지한 류성현 선수 초록우산어린이재단 제공         하지만 김 선수 역시 가정형편이 늘 어려워 주변에서 지원을 많이 받아왔다고 토로했다 기계체조의 경우 상대적으로 비용이 적게 드는 편이었지만 링이나 철봉에 매달릴 때 필요한 아대의 경우 한쪽만 해도 10만원에 이른다고 했다 통상 반년 정도 사용하니 선수 입장에서는 부담스러운 가격이었다고 했다          그러던 류 선수는 학교 선생님의 추천을 받아 2020년 초록우산 아이리더에 뽑혔다 이후 아대 구매 비용이나 훈련비를 꾸준히 지원받고 있다고 설명했다주변의 도움의 힘입어 통상 2127살까지 전성기인 체조 부문에서 어린 나이에 우수한 성적을 보이기 시작한 류 선수는 후원도 후원이지만 재단 측에서 시합 때마다 응원을 참 많이 해주신다며선수 입장에서 감사한 마음이라고 전했다          꿈의 무대였던 도쿄올림픽에 자신의 우상 양학선 선수와 함께 나가게 된 그는 예전엔 도쿄올림픽 출전이 목표였지만 이제는 메달을 딸 수 있다는 가능성이 보여 더 열심히 하고 있다 꼭 좋은 결과를 만들어오겠다고 각오를 다졌다          한편 한국은 이번 대회에 29개 종목 선수 232명 임원 122명 등 총 354명을 파견하며 금메달 7개은 11 동 14를 수확해 5회 연속 종합 순위 10위 달성을 목표로 하고 있다   이우림 기자 
[남정호의 시시각각]문 대통령 방일 무산 유감,2021.07.20 00:36,     지난 2018년 2월 평창 동계올림픽이 시작된 당일 오후 문재인 대통령과 개막식 참가차 방한한 아베 신조 일본 총리는 정상회담을 가졌다 청와대 사진기자단         문재인 대통령의 도쿄 올림픽 참석이 결국 무산했다 한일 정상회담의 성과가 미흡할 거로 보이는 데다 최근 일어난 일본 공사의 부적절 발언도 걸림돌이었다고 한다 그러나 큰 틀에서 보면 대승적으로 가는 게 바람직하다 무엇보다 스포츠에 정치를 덧대는 건 온당치 않다평창 동계올림픽 직전인 2018년 1월 스포츠가 정치와 이념의 장벽을 뛰어넘을 수 있음을 세계에 보여줄 것이라고 말한 장본인이 문 대통령 아니었나 그랬던 그가 한일 정상회담 성과를 이유로 도쿄 올림픽에 안 간다면 또 한 번의 내로남불 비난에서 자유로울 수 없다   스포츠에 정치 개입시켜선 안 돼평창 올림픽 때 아베 온 전례 있어한일 화해 위한 토대 마련도 중요    게다가 2018년 평창 동계올림픽 때 아베 신조 전 총리는 위안부 합의 파기 문제로 한일 관계가 험악했음에도 한국을 찾았다 내부 반대를 뿌리치고 말이다 이런 판에 문 대통령이 일본에 안 가면 옹졸하단 소리밖에 더 듣겠는가     난마처럼 얽힌 한일 간 난제를 정상 간 담판으로 매듭짓겠다는 전략은 외교의 본질을 도외시한 발상이다 즉흥적이고 원맨쇼 스타일의 도널드 트럼프 전 미국 대통령에겐 통할지 모르지만 스가 정권엔 어림도 없는 소리다 정상회담에서의 합의는 수개월에 걸친 사전 물밑 작업 끝에 나오는 것이 원칙이다 양측 실무자들이 머리를 맞대고 절충안을 마련하면 이를 양측 정부에서 수락함으로써 이뤄지는 것이다 게다가스가 요시히데 총리는 결코 즉흥적으로 결정하는 일이 없는 신중한 성격으로 유명하다 그런 그에게 다짜고짜 일본에 갈 테니 수출규제원전 오염수 방출강제징용 및 위안부 등 과거사 문제 중 최소한 한 개는 양보하라고 요구한들 통할 리가 없다         가토 가쓰노부 일본 관방장관은 지난 19일 기자회견에서 문재인 대통령의 행보를 성적 행위로 비유한 소마 히로히사 주한 총괄공사의 발언과 관련 어떠한 상황 문맥 하에서 한 것이라도 외교관으로서 매우 부적절한 발언을 한 것이라며 매우 유감스럽다고 밝혔다 사진은 지난 2일 기자회견 당시의 가토 장관 모습 교도연합뉴스         외교란 본디 국가 간 협상과 국내 정치라는 두 차원에서 이뤄진다는 양면 게임이론을 구체화한 이는 로버트 퍼트넘 하버드대 교수였다 퍼트넘은 국가 간 회담이 성공하려면 양쪽 모두 협상을 통해 얻는 국익이 양보해주는 사안보다 커야 한다고 주장했다 그렇지 않으면 협상이 타결될 수 없다는 것이다 문제는 각국 대표들이 국내 정치세력과 이익단체 등의 압력 또는 다른 제약 조건에 좌우될 수밖에 없으며 이로 인해 소신 있는 협상이 불가능해진다는 사실이다 흥미로운 건 이 같은 외부 압력이나 제약 조건을 핑계로 각 나라가 자기 쪽이 양보할 수 있는 범위를 대폭 줄이는 전략을 쓴다는 대목이다 예컨대 농산물 개방 문제로 미국과 협상을 할 경우 농민들의 반발이 워낙 커 쌀만은 열 수 없다고 버티는 식이다     강제징용 문제와 관련 현 정부가 대법원 확정판결을 내세우며 양보할 뜻이 전혀 없음을 거듭 강조하는 것도 마찬가지다 문 대통령은 지난 2018년 강제징용 문제는 사법부의 판결이라며 일본만큼 3권분립이 확고한 한국 정부도 이 부분을 존중해야 한다고 발언한 바 있다 스스로 운신의 폭을 확 줄인 셈이다그러니 강제징용 배상 문제가 해결되지 않는 한 한국 정부와 상대하지 않겠다는 일본 측과 타협할 도리가 없다     임기 5년의 문재인 정권은 이미 4년 2개월을 보냈다 대선 이후 권력이 당선자에게 확 쏠리는 점을 감안하면 힘쓸 수 있는 시간은 7개월 남짓 남았다 인생으로 치면 황혼기다 위대한 철학자 시몬 드 보부아르는 잘 늙는 열 가지 방법을 소개했다 그중 아홉 번째는 건설적으로 물러날 것 열 번째는 다음 세대에 자리를 물려줄 것이다 퇴장이 멀지 않은 문 정권도 임기 내에 뭔가 보여주겠다는 강박 관념을 가질 필요가 없다 특히 긴 안목이 필요한 외교 분야는 더더욱 그렇다 보부아르는 이렇게 충고한다 끝마치지 못한 일은 실패를 의미하지 않는다 못한 일은 다음 사람들이 끝마쳐 줄 것이다라고 보수든 진보든 다음 정권이 꽉 막힌 한일 관계를 원만하게 풀도록 토대를 닦아주는 것 자체 만으로 문 정권으로서는 충분히 의미 있는 일이다        남정호 중앙일보 칼럼니스트                 남정호 중앙일보 칼럼니스트
"문 대통령, 도쿄올림픽 불참…스가와 정상회담 무산",2021.07.20 00:22,문재인 대통령의 방일과 스가 요시히데 일본 총리와의 한일 정상회담이 결국 무산됐다 박수현 청와대 국민소통수석은 19일 문 대통령은 도쿄 올림픽을 계기로 한 방일을 하지 않기로 결정했다고 발표했다 문 대통령의 방일이 무산된 배경은 의미 있는 성과를 조건으로 내세웠던 정부의 입장과 단순한 축하 차원의 개막식 참석 형식을 고수해 온 일본이 이견을 좁히지 못했기 때문으로 분석된다 박 수석은 한일 양국 정부는 정상회담 개최 가능성을 염두에 두고 양국 간 역사 현안에 대한 진전과 미래지향적 협력 방향에 대해 의미 있는 협의를 나눴다면서도 상당한 이해의 접근은 있었지만 정상회담의 성과로 삼기에는 여전히 미흡하며 그 밖의 제반 상황을 종합적으로 고려했다고 설명했다          박 수석이 언급한 제반 상황은 소마 히로히사 주한 일본대사관 총괄공사가 성적인 비하 표현으로 양국 간 상황을 설명하며 물의를 빚은 걸 뜻한다         일본 공사 망언 방일 무산에 영향  청와대 용납 어려웠다         청와대 고위 관계자는 용납하기 어려운 발언이었다 국민 정서를 감안해야 했고 청와대 내부 분위기도 회의적으로 변했다며 결렬의 주요 원인으로 소마 공사의 망언을 꼽았다           그러나 외교가에선 소마 공사의 막말이 영향을 미쳤을 수는 있지만 핵심 원인은 과거사 등 현안에 대한 의견차를 좁히지 못했기 때문이라는 관측이 지배적이다   관련기사한일 3대 현안 놓고 의견차서로 공 떠넘기다 끝나       정부는 그동안 한일 정상회담 성사에 사활을 걸어왔다 남은 임기 동안 남북관계를 풀기 위해 조 바이든 미국 대통령이 요구한 동맹 강화 차원의 한일 관계 개선이 절실했기 때문이다 청와대는 일본과의 협상 초기 위안부강제징용 등 과거사 후쿠시마 원전 오염수 방류 일본의 수출규제 등을 반드시 협의해야 할 3대 현안으로 제시하며 방일 가능성을 타진했다           그러나 일본이 한국 정부가 내건 조건을 거부하자 상대적으로 허들이 낮다고 판단했던 일본의 수출규제 문제만 해결되는 방향이라면 방일을 검토할 수 있다는 정도로 조건을 낮췄다고 한다           그러나 일본은 결국 이러한 조율안도 수용하지 않은 거로 판단된다 한일 관계에 밝은 일본 측 소식통은 문 대통령 방일의 반대급부로 한국에 대한 수출규제를 푼다는 건 일본 국내적인 명분이 너무 약하다고 했다 정치권에선 외교적 이견과 함께 정치적 상황이 영향을 미쳤다는 관측도 나온다           여권의 한 관계자는 방일을 통한 한일 관계 개선을 원했던 문 대통령을 비롯한 외교안보 라인과 대선을 앞두고 국내 여론을 고려해야 하는 정무라인 간 이견이 노출됐던 것으로 안다며 결국 국내 정치를 고려한 결정이 이뤄진 것으로 보인다고 전했다   강태화 기자 
[사설] 대통령 방일 무산으로 확인된 최악의 한·일 관계,2021.07.20 00:10,     박수현 청와대 국민소통수석이 19일 오후 문재인 대통령의 방일 관련 브리핑을 하고 있다 사진 청와대         문재인 대통령의 방일이 끝내 무산됐다 도쿄 올림픽 개막식 참석을 계기로 한일 정상회담을 성사시켜 악화일로의 양국 관계에 돌파구를 마련해 보려던 정부 구상은 물거품이 됐다 모처럼 찾아온 기회조차 살리지 못하는 한일 관계의 현주소가 안타까울 따름이다 한일 관계가 1965년 국교 정상화 이후 사상 최악이란 표현이 과장이 아님을 여실히 보여주는 사건이다       일본은 대화로 풀려는 열린 자세 갖고한국은 정치외교 해법 찾는 노력 해야   우선 일본 정부에 강한 유감을 표시하지 않을 수 없다 최근 한국 정부가 정상회담 개최에 적극적이었던 반면 일본 정부가 소극적이었음은 명백한 사실이다 일본 정부는 최대의 현안인 강제징용위안부 문제에 대한 해결책을 한국 정부가 먼저 제시하라는 태도로 일관했다 성과도 없을 게 뻔한데 왜 굳이 오려고 하느냐는 속내가 며칠 전 불거진 소마 히로히사 주한 일본공사의 발언에서 여지없이 드러나기도 했다 일본의 태도는 정상 간의 만남이 필요하다는 사실을 외면하는 것처럼 보였다 정상회담 성사를 한국의 양보를 받아내는 압박 카드로 사용하고 있다는 의구심도 떨칠 수 없다 이런 자세로는 한국 국민의 반발을 살 수밖에 없고 일본이 원하는 결과와는 정반대 방향으로 여론이 형성될 수밖에 없다          청와대의 결정은 고심에 고심을 거듭한 끝에 내린 것으로 이해할 수 있는 측면이 있다 더구나 막판에 터져 나온 일본공사의 발언은 국민적 분노를 불러일으켰다 악화된 여론을 무릅쓰고 이렇다 할 성과가 없을 것이 확실시되는 속에서 일본행을 택하기란 현실적으로 어려움이 컸을 것이다 그럼에도 불구하고 한국 정부가 모든 책임에서 자유로워지는 것은 아니다 강제징용 대법원 판결이 내려진 게 2018년 10월의 일이다 3년 가까운 시간이 흘렀지만 이 문제를 정치적외교적으로 풀기 위해 청와대와 정부가 최선의 노력을 다했다고 보는 사람은 거의 없다 오히려 정부여당의 고위층이 죽창가 운운하며 반일감정을 선동해 한일 갈등의 수습은커녕 악화를 부추긴 게 사실이다 불협화음이 터져 나올 때마다 책임을 떠밀기 위한 비난전에만 열을 올리고 국민적 합의점을 찾아보려는 노력에는 소극적이었다 이 모든 원인이 쌓인 결과가 바로 오늘의 상황이다          문 대통령의 방일 무산으로 불신과 갈등의 골은 더욱 깊어질 것이다 이는 바이든 행정부가 적극적으로 나서고 있는 한미일 3국 협력에도 부정적 영향을 미칠 수밖에 없다 그럼에도 불구하고 두 나라 정부 간 국민 간 신뢰를 회복하고 관계를 개선하려는 노력을 포기할 순 없다 신뢰는 하루아침에 쌓이지 않는다 평소 실무 단계에서부터 문제를 풀기 위한 노력을 거듭하면서 차곡차곡 신뢰를 쌓아가지 않는다면 아무리 좋은 기회가 와도 살릴 수 없다 이번 방일 무산을 통해 얻은 귀중한 교훈을 한일 양국 모두 깊이 새겨야 할 것이다  
자열이 형도 윤이 형도 '묻고 더블로 가!',2021.07.20 00:03,     구자열 대한자전거연맹 회장왼쪽 최윤 대한럭비협회 회장오른쪽               묻고 더블로 가  종목 협회장들의 포상금 전쟁최윤 럭비 금 따면 5000만원구자열 회장은 연맹 포상금 2배정의선김승연도 보너스 준비        도쿄올림픽을 앞두고 각 종목 협회장들이 앞다퉈 통 큰 포상금을 내걸었다 이른바 형들의 포상금 전쟁이다          대한럭비협회장 최윤 금융그룹 회장은 럭비대표팀이 금메달을 따면 1인당 최대 5000만원을 지급한다 은메달을 목에 걸면 2000만원 동메달을 따면 1000만원을 준다 시상대에 오르지 못 하더라도 1승부터 단계별로 포상 계획을 수립했다          더불어 최 회장은 한국 유도대표팀 73급 안창림27이 금빛 메치기에 성공하면 포상금 5000만원을 준다고 약속했다 최 회장은 중앙일보와 인터뷰에서 안창림은 일본 국가대표 제안을 거절한 오리지널 코리안이다 나 역시 안창림 선수처럼 재일교포 3세다 일본에서는 이방인 한국에서는 외국인으로 취급 받아 경계인의 애환을 잘 알고 있다 조국을 위해 기여하고 싶은 마음은 안 선수와 일맥상통하다 세계 곳곳의 재외동포들에게 안 선수가 큰 희망이 되길 바라는 마음으로 지원하게 됐다고 했다          한국 럭비는 1823년 럭비가 국내에 도입된 뒤 약 100년 만에 올림픽 무대를 밟게 됐다 최 회장은 2019년 11월 곱창집에서 선수들과 피로연을 열고 포상금 5000만원을 쏜 바 있다 럭비 선수들은 최 회장을 윤이 형이라고 부른다          최 회장은 선수들이 먼저 격의 없이 우리 형이라고 불렀다 윤이 형으로서 바라는 게 있다면 좋은 성적도 중요하지만 부상 없이 안전한 경기를 치르는 것이라고 말했다 최 회장은 이번 올림픽 한국 선수단 부단장도 맡았다          대한자전거연맹 회장 구자열 그룹 회장은 사비를 털어 두 배의 포상금을 약속했다 대한자전거연맹이 올림픽 참가 선수들에게 최소 5000만원의 포상금을 책정했고 성적에 따라 인센티브를 주기로 했다 여기에 구 회장이 연맹과 같은 액수를 동일하게 매칭 지원한다 영화 타짜에서 나온 대사처럼 묻고 더블로 가 방식으로 베팅한 거다          2009년부터 13년째 자전거연맹 회장을 역임하고 있는 구 회장의 자전거 사랑은 남다르다 2002년 6박7일간 자전거를 타고 알프스 산맥 650 거리를 달렸다 300대가 넘는 자전거를 소장 중인 애호가다 구 회장 꿈은 한국 사이클 최초의 올림픽 메달을 보는 것이다 2019년 여자 경륜 세계랭킹 1위였던 이혜진이 금빛 페달에 도전한다             2016년 리우올림픽을 찾은 정의선 대한양궁협회장이 남자 양궁 개인전 금메달리스트 구본찬과 손을 잡고 있다 중앙포토         화끈한 포상 경쟁에서 대한양궁협회장 정의선 현대차그룹 회장이 빠질 리 없다 양궁협회는 2016년 리우올림픽 전 종목을 휩쓴 선수단에 포상금으로 무려 25억원을 지급했다 당시 2관왕에 오른 장혜진과 구본찬은 3억5000만원씩 받았다          양궁협회는 도쿄올림픽 포상금을 아직 책정하지 않았다 양궁협회는 1억5000만원을 들여 충북 진천 선수촌에 도쿄 유메노시마 양궁장을 본뜬 쌍둥이 세트를 마련하는 등 가장 모범적인 스포츠협회로 꼽힌다 미국 출장 중인 정 회장은 도쿄를 찾아 24일 양궁혼성단체전 대표팀을 격려할 예정이다          대한사격연맹은 올림픽 금메달리스트에게 5000만원을 지급한다 리우올림픽 당시 한화그룹김승연 회장이 금빛 총성을 울린 진종오에게 1억원을 전달했다 한화그룹은 2002년부터 회장사를 맡아 사격 육성에 200억원을 지원했다          코로나19로 어려운 시기 기업인 출신 협회장의 열정적인 지원은 선수들에게 큰 동기부여가 된다 각 협회나 연맹별로 도쿄올림픽 금메달에 보너스를 내걸었다 금메달을 따면 한국야구위원회는 10억원 대한탁구협회는 단체전에 5억원개인전에 1억원 한국배구연맹은 5억원 대한골프협회는 3억원을 준다   도쿄박린 기자 7
금메달로 속죄? 꿈도 꾸지 마라,2021.07.20 00:02,2020 도쿄올림픽 야구 결승전 한국 선수단은 일본을 상대로 시원한 승리를 거두고 도쿄 마운드에 태극기를 꽂는다 쏟아지는 야구팬의 환호와 박수 속에서 프로야구 방역 논란은 한순간에 잊힌다어쩌면 한국 야구계는 바로 이 장면을 바라면서 논란이 가라앉기만을 기다리는지도 모른다 금메달로 속죄하면 모든 비난이 눈 녹듯 사라질 것이라 믿으면서단호하게 이야기하는데 완전히 틀린 생각이다             한국 야구대표팀이 쿠바를 32로 꺾고 9전 전승을 거두며 올림픽 사상 첫 금메달 확보 했다우승이 확정된뒤 선수들이 그라운드로 뛰어나오며 감격해 하고 있다 김상선 기자          지난 18일 김경문 야구 대표팀 감독은 마음이 많이 무겁다 지금 조금 힘들지만 좋은 결과를 내 국민의 실망감을 풀 수 있도록 노력하겠다고 했다 과거 프로야구 선수들이 폭행 승부조작 음주운전 등 사건사고를 일으킬 때마다 지도자들이 자주했던 말이 생각났다 야구장에서 팬들에게 좋은 모습 보여서 보답하겠다 이번에는 대표팀이 도쿄올림픽에서 잘해서 금메달을 따서 보답하겠다는 소리로 들렸다          일명 야구 보답론이다 잘못을 저질러도 야구장에서 잘하기만 하면 그 죄를 용서받을 수 있다는 뜻이다 김 감독을 비롯해 많은 야구계 인사들은 이번에도 야구 보답론이 통할 거라고 믿고 있는 것 같다 2008년 베이징올림픽에서 금메달을 따고 프로야구 인기가 높아진 것처럼 이 난리통을 한 방에 정리할 수 있는 카드로 도쿄올림픽 금메달을 준비하는 것처럼 보인다          그러나 지금은 13년이나 지난 2021년이다 그 시절 어른들이 찬양했던 1등 만능주의는 구태의연한 유물이 됐다 잘하니까 괜찮다란 말은 이제 농담으로도 쓰지 않는다             야구대표팀 선수들이 18일 서울 구로구 고척스카이돔에서 마운드에 모여 미팅을 갖고 있다 연합뉴스         에서 시작한 신종 코로나바이러스 감염증코로나19 방역수칙 위반 논란이 일파만파 번지고 있다 코로나19에 걸린  선수 3명 박석민 이명기 권희동의 역학조사 과정에서 확진 판정을 받은 여성 2명과 지난 5일 밤부터 6일 새벽까지 서울 강남구 원정 숙소에서 술을 마신 것이 확인됐다          박석민은 그 여성들은 지인이라고 주장했다 그러나 방역 당국 조사 결과 18일 해당 여성들이 지방 구단 선수들이 서울 잠실 원정 경기 때마다 이용하는 호텔에 장기투숙한 사실이 확인됐다 그리고 이 여성들이 지난 4일 오후에는 한화 선수 2명과 만났고 5일 새벽에는 키움 선수 2명과 만난 사실이 알려졌다          여자 프로배구에서 슈퍼 쌍둥이 자매로 불렸던 이재영과 이다영은 여자 배구대표팀 주축 선수였다 올 초 이들의 학교 폭력 문제가 불거졌다 그래도 배구계 일부 인사들은 올림픽 성적을 위해 대표팀에 뽑아야 한다고 생각했다 소속팀 흥국생명은 우승을 위해 다음 시즌에 선수 등록을 하려고 했다 하지만 배구 팬들은 이재영과 이다영이 코트로 돌아오는 것을 용납하지 않았다             흥국생명이 이재영이다영 자매의 202122시즌 선수 등록을 포기했다 연합뉴스         프로야구에서도 비슷한 사례는 많다 음주 뺑소니 사고로 질타받은 강정호는 지난해 키움에 복귀하려고 했다 그러나 야구팬은 강하게 반발했고 결국 강정호는 선수 생활을 마감했다이런 사례가 있는데도 여전히 야구 보답론에 집착하고 있다 지금 야구팬들이 원하는 건 금메달이 아니다 최고의 성적이 나온다고 해서 이미 무너진 신뢰가 회복되지 않는다          프로야구를 사랑하는 팬들을 위해 야구계가 지금 해야 할 일은 명명백백하게 진실을 밝히는 것이다 경찰 수사에 제대로 임해야 한다 그 과정을 소상히 알려야 한다 수사 결과 해당 선수들이 잘못한 것이 밝혀진다면 실정법에 맞게 처벌받아야 한다 한국야구위원회 그리고 관계된 구단도 어물쩍 넘어가선 안 된다 잘못한 선수들과 수뇌부들이 책임지고 물러나야 한다          선수들과 구단들을 향한 팬의 믿음이 이번 사건을 통해 완전히 무너졌다 프로야구팬은 원칙을 무시한 채 즐거움을 좇았던 선수들이 거짓말에 급급하고 이를 감추려고 동조한 구단의 행태를 목도한 후 프로야구에 환멸을 느끼고 있다          성적이 좋다면 다 사라질 그저 신기루 같은 논란이자 해프닝이라고 믿는가 만일 그렇다면 한국 야구에는 답이 없다 프로야구가 진짜 프로라는 것을 보여줘야 돌아선 팬을 겨우 붙잡을 수 있다 텅 빈 야구장 관중석에 아무도 찾아오지 않으면 그때야 뒤늦은 후회를 할 것인가   박소영 기자 0914
"한·일, 3대 현안 놓고 의견차…서로 공 떠넘기다 끝나",2021.07.20 00:02,     문재인 대통령이 19일 오후 청와대에서 수석보좌관회의를 주재하고 있다 이날 오전 일본 요미우리신문의 한일 정상회담 개최 보도가 나오기도 했으나 박수현 청와대 국민소통수석은 브리핑을 통해 문 대통령이 도쿄 올림픽 기간에 일본을 방문하지 않기로 결정했다고 밝혔다 사진 청와대         내년 대선과 올해 총선거를 앞둔 한국과 일본은 관계 개선보다는 정치적 이해득실을 우선시했고 문재인 대통령의 도쿄 올림픽 계기 방일은 결국 무산됐다 양국 관계 개선은 차기 정부의 몫으로 넘어갈 가능성이 크다는 전망이 나오고 있다       문 대통령은 성과 없는 방일 부담스가 올림픽 강행 지지율 20대로한국에 양보 모습 보이기 쉽지 않아   박수현 청와대 국민소통수석은 19일 오후 문 대통령의 방일이 무산된 데 대해 양측 간 협의는 상당한 이해의 접근은 있었지만 정상회담의 성과로 삼기엔 여전히 미흡하며 그 밖의 제반 상황을 종합적으로 고려해 결정했다고 밝혔다 성과 미흡은 정상회담이 열려도 양국 간 갈등 현안에서 진전된 합의를 도출하기 힘들다는 뜻이다 그 밖의 제반 상황은 소마 히로히사 주한 일본대사관 총괄공사의 문 대통령 비하 발언으로 해석할 수 있다          결국 문 대통령이 일본에 가지 않기로 한 주된 이유는 성과 없는 방일에 대한 부담이었던 셈인데 그 와중에 망언 악재가 터진 것도 적잖은 영향을 준 것으로 보인다 국내 반일 정서를 무릅쓰고 방일을 강행하려면 갈등 현안에서 그만한 성과가 담보돼야 하는데 여기서 만족할 만한 결과를 기대하기 어렵다는 판단이 작용한 셈이다   관련기사문 대통령 도쿄올림픽 불참스가와 정상회담 무산       청와대 관계자는 궁극적인 목표는 관계 복원이었지만 아직 더 논의가 필요한 상황이라고 봤다고 말했다 이견을 좁히긴 했지만 충분치는 않았다는 취지다          사실 양국은 이번 협의 과정에서 갈등 현안에 대한 이견을 좀처럼 좁히지 못했다 한국은 과거사 일본의 수출규제 일본 후쿠시마 원전 오염수 방류 등 3개 현안 중 하나라도 성과를 내야 정상회담을 하는 의미가 있다는 입장이었다 특히 수출규제의 경우 2019년 11월 양국이 대화를 통해 이를 해제하는 방향으로 협의하자고 합의한 터라 정상급에서는 이보다 진전된 합의가 가능할 것이라는 기대도 있었다          하지만 일본은 강제징용 문제에서 한국이 제대로 된 해법을 내놓지 않으면 수출규제도 철회하기 어렵다는 쪽이었다 한국과 반대로 현안을 서로 연계하며 결자해지하라는 식으로 한국에 공을 넘기는 모양새였다          또 한국은 최고위급 협의가 이뤄지는 만큼 정상 간 통 큰 결단을 통해 갈등의 매듭을 끊자는 톱다운 입장이었던 반면 일본은 실무선에서 어느 정도 접점을 형성한 뒤 정상들이 만나는 게 순서라는 보텀업 입장이었다          양국의 국내 정치 변수도 상당한 영향을 미쳤다 문 대통령에게 반일 정서가 변수였다면 스가 총리는 도쿄 올림픽 강행으로 촉발된 지지율 하락이라는 변수가 있었다 16일 지지통신 조사에서 스가 총리의 지지율은 293로 주요 언론사 조사에서는 처음으로 20대로 떨어졌다 스가 총리가 대립 현안에서 한국에 양보하는 듯한 모습을 보이기는 더 어려웠을 것이라는 관측이 나온 이유다          이 때문에 향후 정상회담 개최 가능성도 불투명하다 청와대 관계자는 한일 관계의 미래지향적 발전을 위해 임기 말까지 계속 일본과 대화 노력을 해나가고자 한다고 밝혔다 스가 총리는 청와대 발표 뒤 일한 관계를 건전한 관계로 되돌리기 위해 우리나라의 일관된 입장을 토대로 의사소통을 하고 싶다고 말했다 한국이 먼저 해결책을 제시해야 한다는 일관된 입장을 또다시 언급했다   유지혜 기자 
올림픽 나흘 앞둔 日 코로나 폭증세…일주일 전보다 55%↑,2021.07.19 23:10,     한낮 체감온도가 41도까지 오르는 등 폭염이 이어진 19일 오후 시민들이 도쿄 시부야역 인근 횡단보도를 건너고 있다 장진영 기자         도쿄올림픽 개막을 나흘 앞둔 19일 일본 내 신종 코로나바이러스 감염증코로나19 확진자가 폭증하고 있다          현지 공영방송 에 따르면 이날 오후 6시 30분 기준 일본의 코로나19 신규 확진자 수는 2329명으로 집계됐다 일주일 전 같은 요일과 비교하면 549 늘어난 수준이다          이로써 일본 내 누적 확진자는 84만4539명 사망자는 12명 증가해 1만5075명이 됐다          올림픽 개최 도시 도쿄에서도 코로나19 확산세가 여전하다 이날 도쿄에서는 727명의 신규 확진자가 보고됐다 이는 일주일 전보다 448 증가한 수치다          일주일 전 같은 요일과 비교한 도쿄의 신규 확진자는 지난달 20일부터 이날까지 30일 연속 증가세를 보였다          일본 정부가 코로나19 확산을 억제하기 위해 긴급사태를 발령했지만 효과는 나타나지 않고 있다           교도통신이 지난 1718일 일본 유권자를 상대로 실시한 여론조사에서 응답자의 679는 도쿄에 네 번째 발효 중인 코로나19 긴급사태가 감염 확산을 방지하는 효과가 없다고 답했다          또 응답자의 870는 도쿄올림픽패럴림픽이 개최될 경우 코로나19가 재확산할 것이라는 불안을 느낀다고 밝혔다   정혜정 기자 
"""장애인 친구에 오물 먹여""…올림픽, 이번엔 음악감독 학폭 논란",2021.07.19 22:08,나흘 앞으로 다가온 도쿄 올림픽이 또 하나의 오점을 남겼다 이번엔 개회식의 음악 연출을 맡은 오야마다 케이고52가 과거 학교폭력 논란으로 자리에서 물러났다        일본 도쿄올림픽 음악 감독에서 사퇴한 뮤지션 오야마다 케이고 오야마다 케이고 홈페이지연합뉴스               케이고52는 19일 자신의 공식 홈페이지를 통해 도쿄올림픽 및 패럴림픽 조직위원회에 사임 의사를 밝혔다며 여러분들에게 질타를 받고 진지하게 고민했다 죄송하다고 밝혔다          오야마다는 최근 과거 행적으로 비난 여론에 휘말렸다 지난 1994년 한 잡지와의 인터뷰에서 스스로 학교 폭력 전력을 고백한 사실이 뒤늦게 공개되면서다          일본 매체 스포니치에 따르면 당시 그는 인터뷰에서 과거 장애인 친구에게 억지로 배설물을 먹이는 등 가혹 행위를 저질렀다고 본인 스스로 밝혔다고 한다          해당 보도가 나오자 일본 주요 언론과 여론은 과거 장애인 학대 전력이 있는 인물에게 올림픽 관련 중책을 맡기면 안 된다는 지적이 쏟아졌다          비난 여론이 거세지자 오야마다는 직접 사과문을 올리고 수습에 나섰다 그는 자신의 트위터에학창시절과 잡지 인터뷰 당시의 저는 매우 미숙한 인간이었다면서저의 발언이나 행위로 인해 상처를 받은 반 친구와 부모님께는 진심으로 죄송하고 깊은 후회와 책임을 느끼고 있다고 밝혔다          이어학창시절 당시 제가 상처를 입혔던 친구에게 연락을 취해 직접 사과하고 싶다 많은 분에게도 죄송하다 진심으로 사과한다고 적었다             일본 뮤지션 오야마다 케이고가 트위터에 올린 도쿄올림픽 음악감독 사퇴문 오야마다 케이고 트위터 캡처          도쿄올림픽 조직위도 오야마다가 남아서 개회식 준비를 끝까지 진행해주길 바란다며 그의 잔류를 요청했다 하지만 조직위의 인선에 문제가 있다는 지적이 나오면서 오히려 역풍을 맞았다          결국 오야마다가 자진 사퇴하며 이번 사태는 일단락됐지만 도쿄올림픽의 잡음은 수그러들지 않고 있다          도코올림픽은 개막을 앞두고 선수촌에서 코로나19 확진자가 연이어 나오고 우간다 대표팀의 역도 선수가 잠적하는 사건이 발생하는 등 대혼란에 빠졌다 여기에 도쿄올림픽 주요 경기장인 국립경기장 내에서 성폭행 사건까지 발생하면서 연일 악재가 터지고 있다          한편 일본 밴드 코넬리우스에서 활동한 오아먀다는 2019년 방한 공연 중 욱일기 문양의 영상을 상영해 항의를 받은 인물이다        관련기사 결국 도쿄올림픽 안간다국무총리 대리 참석도 배제선수촌 감염 확산 우간다 선수 잠적스가 지지율 20대로거대한 처키 춤추고 기괴한 얼굴 떠다녀도쿄가 무섭다이민정 기자 2
[오병상의 코멘터리] 소마 공사의 망언..일본의 속마음이다,2021.07.19 21:58,       청와대 용납하기 어려운 발언결국 올림픽 참석 정상회담 무산문재인 위안부합의 파기징용 배상판결 이후 일본 공손한 무시      주한 일본대사관의 소마 히로히사 총괄공사가 한일관계와 관련해 국내 언론 매체에 부적절한 발언을 해 파문이 일고 있다 연합뉴스                        1 도쿄 올림픽에 맞춘 한일정상회담이 무산됐습니다 청와대가 19일 오후 6시 일과마감 시간에 발표했습니다 23일 정상회담 하려면 늦어도 20일 준비팀이 떠나야하니 마지막까지 고민했다는 메시지입니다 박수현 국민소통수석은양국협의는 상당한 진전이 있었지만정상회담 성과로 삼기에는 미흡하고그밖의 제반상황을 종합적으로 고려해 결정했다고 밝혔습니다           2 한일관계는 참 민감합니다 박수현이 언급한 제반상황엔 주한 일본대사관 총괄공사 소마 히로히사의 망언이 포함됩니다 소마는 지난 15일 기자들과 오찬하면서 외교관의 발언이라기엔 믿기지않을 정도의 저속한 발언을 했습니다      일본은 한일문제에 신경 쓸 여유가 없는데 문 대통령 혼자 신경전을 벌이고 있다 문재인 대통령이 마스터베이션을 하고 있다         3 청와대에선 용납하기 어려운 발언이라고 했습니다 외교부는 보도 다음날인 17일 일본대사를 불러 항의했습니다 그리고 마지막까지 일본의 반응을 기다렸습니다      일본 가토 관방장관은 19일 외교관으로 부적절했다 유감으로 생각한다고 밝혔습니다만우리 정부가 요구한 즉시경질 대신 엄중경고에 그쳤습니다           4 정상회담은 상당히 성사 가능성이 높았던 것으로 보입니다 일본 요미우리 신문이 19일 아침23일 정상회담 열린다고 보도했습니다    박수현 수석은 이에대해 방일에 부정적인 여론도 잘 알고 있다 이런 여론을 따르는 것은 쉬운 선택이지만 대통령으로서는 또 다른 외로운 길을 가는 것도 고민해야 한다고 말했습니다 반대여론이 많지만 정상회담을 하겠다는 뜻으로 풀이됩니다         5 그런데 하루 일과가 끝나는 오후 6시 회담무산이 발표됐습니다 결국 거의 합의된 정상회담이 소마 공사의 망언으로 파탄나버린 모양새가 됐습니다      과연 그럴까요 정상회담이 이뤄졌다고 하더라도 얼마나 성과가 있었을까 회의적입니다 일본은 회담을 할 생각이 없었기 때문입니다         6 스가 총리의 생각은 지난 6월 12일 영국에서 열린 7정상회의에서 분명히 확인됐습니다      당시에도 문재인 대통령은 약식 정상회담을 하기위해 노력했습니다 3번이나 스가에게 말을 건넸습니다 스가는 외면했습니다 일본 아사히신문은 스가 총리가 7에서 제일 신경 쓴 건 문재인이라고 보도했습니다 스가 총리가 정상회담 안하려고 문재인 피해다녔다는 겁니다           7 이유는 정상회담을 할 경우 받게될 여론의 비난때문이랍니다      기본적으로 일본은 문재인이 2017년 한일위안부합의를 파기하고 2018년 대법원이 강제징용에 대한 일본기업의 배상 판결을 내린 이후한국을 믿지못할 나라라며 상대하지 않으려 합니다 그들 표현으론 공손한 무시입니다           8 나름의 이유는 있습니다      박근혜 시절인 2015년 한일위안부합의는위안부 문제는 이번 합의로최종적 불가역적으로 해결됐다고 명시했습니다 그런데 문재인이 집권하자마자위안부합의로 문제가 해결될 수 없다고 선언하고화해치유재단을 해체해버렸습니다      강제징용 문제도 1965년 국교정상화 당시 청구권협정에 따라 일괄타결됐고 실제로 당시 일본으로부터 받은 돈으로 피해자들에게 보상도 했습니다 그런데 54년이 지난 상황에서 대법원이 새로 배상하라고 하니일본 입장에선 못믿겠다는 겁니다         9 물론 이런 문제도 2021년 미국 바이든 정부가 출범하면서 상황이 달라졌습니다      한미일 동맹강화를 강조하는 바이든의 입장이 얼마나 반영됐는지는 모르겠지만아무튼 문재인 정부 들어 일본에게 배상을 요구하던 판결이 2021년 들어서면서 뒤집어져 일본정부 손을 들어줬습니다           10 그럼에도 불구하고 일본은 한국 정부가 위안부와 징용 관련 해법을 내놓아야 한다고 주장하고 있습니다      법원이 아니라 문재인 정부가 잘못을 인정하라는 얘기입니다 소마의 망발도 사실은 이런 일본 정부의 입장을 얘기하던 맥락에서 나왔습니다 망발이지만 일본정부의 혼네속마음인 셈이죠           11 그런데 박수현 수석이 시사했듯한국의 여론 적어도 문재인 지지자들의 여론으론 용납이 안됩니다 스가 총리가 9월 총선과 자민당 총재 자리를 두고 국내여론에 민감하듯문재인 정부 역시 대선을 코앞에 두고 여론에 민감하지 않을 수 없습니다      결국 한일관계정상화는 문재인 이후 정부로 넘어가게 됐습니다     칼럼니스트     20210719                오병상의 코멘터리
美 여자체조대표팀 선수 1명 확진…나머지는 선수촌 입촌,2021.07.19 19:36,     도쿄올림픽 개막을 나흘 앞둔 19일 도쿄 하루미 지역 올림픽 선수촌 입구로 차량이 드나들고 있다 장진영 기자         도쿄올림픽 출전을 위해 지난 15일 일본에 입국한 미국 여자 체조대표팀에서 신종 코로나바이러스 감염증코로나19 확진자가 발생했다          일본 지바현 인자이시는 19일 미국 여자 체조 대표선수 1명이 코로나19에 감염됐다고 밝혔다 시는 또 다른 선수 1명은 밀접 접촉자로 분류돼 호텔에서 대기 중이라고 말했다          확진 판정을 받은 10대 선수는 전날 검사에서 양성 반응을 보였고 이날 오전 병원 검사에서 최종적으로 감염 진단을 받았다          시에 따르면 미국 여자 체조대표팀은 지난 15일 입국한 후 매일 아침 코로나19 선별 검사를 했다          교도통신은 미국 여자 체조대표팀이 훈련할 때를 제외하곤 외출하지 않았고 전세 버스로 이동했다고 전했다          코로나19에 감염된 선수와 밀접 접촉자를 제외한 나머지 선수들은 이날 오후 도쿄올림픽 선수촌에 입촌했다              정혜정 기자 
"망언 역공에 ""유감""이 끝이었다, 한일회담 결국 파투",2021.07.19 19:23,한일 양국이 막판까지 압박과 버티기를 거듭한 결과는 정상회담 파투였다             문재인 대통령과 스가 요시히데 일본 총리          박수현 청와대 국민소통수석은 19일 오후 도쿄 올림픽을 계기로 한 문재인 대통령의 방일이 무산된 데 대해 양측 간 협의는 우호적인 분위기에서 진행돼 상당한 이해의 접근은 있었지만 정상회담의 성과로 삼기에는 여전히 미흡하며 그 밖의 제반 상황을 종합적으로 고려해 결정했다고 밝혔다          성과 미흡은 정상회담이 열려도 양국 간 갈등 현안에서 진전된 합의를 도출하기 힘들다는 뜻으로 볼 수 있다 그 밖의 제반 상황은 소마 히로히사 주한 일본 대사관 총괄공사의 문 대통령 비하 발언으로 해석할 수 있다           결국 문 대통령이 일본에 가지 않기로 한 주된 이유는 성과 없는 방일에 대한 부담이었던 셈인데 그 와중에 망언 악재가 터진 것도 적지 않은 영향을 준 것으로 보인다   국내적으로 끓어오르는 반일 정서를 무릅쓰고 방일을 강행하려면 갈등 현안에서 그만한 성과가 담보돼야 하는데 결국 여기서 만족할만한 결과를 기대하기 어렵다는 판단이 작용한 셈이다           청와대 관계자는 궁극적인 목표는 관계 복원이었지만 아직 더 논의가 필요한 상황이라고 봤다고 말했다 이견을 좁히기는 했지만 충분치는 않았다는 취지로 해석 가능하다          앞서 양국은 이날 오전까지도 기싸움을 이어갔다 일본 요미우리 신문이 23일 문 대통령과 스가 요시히데 일본 총리의 정상회담 개최가 확정됐다며 회담 장소까지 보도했는데 청와대는 곧바로 반박했다         일본 요미우리 신문은 19일 한일 양국 정부는 도쿄올림픽 개막일인 오는 23일 도쿄에서 문재인 대통령과 스가 요시히데 일본 총리의 첫 대면 정상회담을 열기로 방침을 정했다고 보도했다 사진은 요미우리 신문의 기사 뉴스1              청와대 고위 관계자는 현재 양국이 협의하고 있으나 여전히 성과로서 미흡하며 막판에 대두된 회담의 장애에 대해 아직 일본 측으로부터 납득할만한 조치가 없는 상황이어서 방일과 회담이 성사될 수 있을지 미지수라고 밝혔다          일본을 향해 현안에서의 진전과 소마 공사에 대한 조치를 정상회담 개최를 위한 조건으로 건 것이다 망언 사태가 한국의 역공 카드가 된 모양새였다           직후 일본 정부 대변인인 가토 가쓰노부 일본 관방장관이 소마 공사의 발언에 대해 외교관으로서 매우 부적절한 발언이라며 유감을 표했다 이틀 전만 하더라도 관련 질문에 사안의 상세한 내용은 모르겠다 대사가 주의를 줬다고 들었다고 답했는데 이보다는 진전된 입장이었다          하지만 여기까지였다 청와대 관계자는 관방장관이 매우 유감스럽다고 발표한 것에 주목한다며 일본 정부는 적절한 후속 조치를 조속히 취해야 할 것이라고 말했다           긍정적 의미를 담은 평가한다가 아닌 주목한다는 중립적인 표현이었다 외교적으로 주목한다는 말은 알고 있다 정도의 의미다 그러면서 후속 조치를 언급한 건 일본이 유감 표명 이상의 유연성을 보이지 않은 데 대한 청와대의 불편함이 드러난다         소마 공사의 부적절한 발언이 유감이긴 하지만 그렇다고 현안에서 양보할 생각은 없다는 게 일본 입장이었음을 추측할 수 있는 대목이다 실제 청와대는 오전 발표 입장에서 일본을 압박하기 위해 썼던 여전히 성과로서 미흡하다는 표현을 오후 문 대통령의 방일 무산 발표 입장에서 똑같이 다시 썼다          사실 양국은 갈등 현안에 대한 접근법에서부터 견해차가 컸다 한국은 강제징용 및 위안부 피해 등 과거사 일본의 수출 규제 일본의 후쿠시마 원전 오염수 방류 등 3개 현안 중 하나라도 성과를 내야 정상회담을 하는 의미가 있다는 입장이었다           특히 수출 규제의 경우 2019년 11월 이미 양국이 대화를 통해 이를 해제하는 방향으로 협의하자고 합의한 터라 정상급에서는 이보다 진전된 합의가 가능할 것이라는 기대도 있었다 어려운 현안들을 서로 분리해 하나씩 해결하자는 취지였다          하지만 일본은 강제징용 문제에서 한국이 제대로 된 해법을 내놓지 않으면 수출 규제도 철회하기 어렵다는 쪽이었다 한국과 반대로 현안을 서로 연계하며 결자해지라는 식으로 한국에 공을 넘기는 모양새였다          또 한국은 최고위급 외교 협의가 이뤄지는 만큼 정상 간 통 큰 결단을 통해 복잡하게 얽힌 갈등의 매듭을 끊자는 입장이었던 반면 일본은 실무선에서 먼저 차근차근 협의를 진행해 어느 정도 접점을 형성한 뒤에 정상들이 만나는 게 순서라는 입장이었다 탑다운 대 바텀업으로 근본적 인식차가 있었다             도쿄올림픽 개막을 나흘 앞둔 19일 대한민국 선수단이 머물고 있는 도쿄 하루미 지역 올림픽 선수촌의 모습 도쿄올림픽사진공동취재단          양국의 국내적 변수도 큰 영향을 미쳤다 문 대통령에게 국내적 반일 정서가 변수였다면 스가 총리는 도쿄 올림픽 강행으로 촉발된 지지율 하락이라는 국내적 변수가 있었다           일본 외교가에서는 총리 지지율의 마지노선을 30로 보는데 16일 지지통신 조사에서 스가 총리의 지지율은 293로 주요 언론사 조사에서는 처음으로 20대로 떨어졌다 이는 보수층에서도 이탈이 가시화하고 있다는 상징적 신호로 스가 총리로서는 대립 현안에서 한국에 양보하는 듯한 모습을 보이기는 더 어려웠을 것이라는 관측이 외교가에선 지배적이다          청와대 관계자는 문 대통령의 방일 무산 발표 뒤 추후 한일 정상회담 추진 가능성을 묻자 한일 관계의 미래지향적 발전을 위해 이번 정부 임기 말까지 계속 일본과 대화 노력을 해 나가고자 한다며 한일 정상 간 만나게 될 기회가 있기를 바란다고 답했다          하지만 외교가에는 비관론이 많다 도쿄 올림픽처럼 큰 경사를 계기로도 정상이 상호 방문을 하지 못하는 상황에서 단독 방한이나 방일을 기대하기는 어렵고 정상회담 기회가 있을 때마다 양국이 의제 등 조건을 두고 사사건건 맞붙으며 상호 신뢰는 더 떨어졌기 때문이다                한 소식통은 국내적으로도 몰려 있는 스가 총리가 일본 내에서 반일로 인식되는 문 대통령을 향해 적극적 손길을 뻗기는 어렵다 결국 문 대통령의 임기 내에서는 큰 문제가 없도록 관리만 하고 차기 정부와 관계 개선을 도모해보자는 쪽으로 기우는 분위기라고 귀띔했다          스가 총리는 청와대 발표 뒤 일본 총리관저에서 기자들과 만나 일한한일 관계를 건전한 관계로 되돌리기 위해 우리나라일본의 일관된 입장을 토대로 한국 측과 의사소통을 하고 싶다고 말했다 대화를 계속하겠다는 원론적 입장을 밝히면서도 일관된 입장을 언급 한국이 먼저 해결책을 제시해야 한다는 기존의 방침이 달라지지 않을 것임을 시사했다   유지혜 기자 
"文, 결국 도쿄올림픽 안간다…국무총리 '대리 참석'도 배제",2021.07.19 19:06,문재인 대통령의 방일과 스가 요시히데 일본 총리와의 한일 정상회담이 결국 무산됐다        문재인 대통령 스가 요시히데 총리              박수현 청와대 국민소통수석은 19일 오후 브리핑에서 문 대통령은 도쿄올림픽을 계기로 한 방일을 하지 않기로 결정했다고 발표했다          문 대통령의 방일이 무산된 배경은 의미 있는 성과를 조건으로 내세웠던 한국 정부의 입장과 단순한 축하 차원의 개막식 참석 형식을 고수해온 일본이 결국 이견을 좁히지 못했기 때문으로 분석된다          박 수석은 한일 양국 정부는 도쿄올림픽 계기의 정상회담 개최 가능성을 염두에 두고 양국간 역사 현안에 대한 진전과 미래지향적 협력 방향에 대해 의미있는 협의를 나눴다면서도 상당한 이해의 접근은 있었지만 정상회담의 성과로 삼기에는 여전히 미흡하며 그밖의 제반 상황을 종합적으로 고려했다고 설명했다          박 수석이 언급한제반 상황은소마 히로히사 주한 일본 대사관 총괄공사가 성적인 비하 표현으로 양국간 상황을 설명하며 물의를 빚은 걸 뜻한다 청와대 고위관계자는 이에 대해 용납하기 어려운 발언이었다 국민 정서를 감안해야 했고 이후 청와대 내부 분위기도 회의적으로 변했다며 협상 결렬의 주요 원인으로 소마 공사의 망언을 꼽았다             소마 히로히사 주한 일본대사관 총괄 공사가 13일 일본 정부의 방위백서 관련 서울 종로구 도렴동 외교부 청사로 초치되고 있다 연합뉴스         그러나 외교가에선 소마 공사의 막말이 최종 결정에 영향을 미쳤을 수는 있지만 협상 결렬의 핵심 원인은 과거사 등 현안에 대한 의견차를 좁히지 못했기 때문이라는 관측이 지배적이다          정부는 문 대통령의 도쿄올림픽 개막식 참석과 한일 정상회담 성사에 사활을 걸어왔다 남은 임기동안 남북 관계를 풀기 위해 조 바이든 미국 대통령이 요구한 동맹강화 차원의 한일 관계 개선이 절실했기 때문이다          청와대는 일본과의 협상 초기 위안부강제징용 등 과거사 후쿠시마 원전 오염수 방류 일본의 수출규제 등을 반드시 협의해야할 3대 현안으로 제시하며 문 대통령의 방일 가능성을 타진했다          그러나 일본이 한국 정부가 내건 조건을 거부하자 상대적으로 허들이 낮다고 판단했던 일본의 수출규제문제만 해결되는 방향이라면 방일을 검토할 수 있다는 정도로 조건을 낮췄다고 한다 그러나 일본은 결국 이러한 조율안도 수용하지 않은 걸로 판단된다          한일 관계에 밝은일본 측 소식통은 중앙일보에 문 대통령 방일의 반대급부로 한국에 대한 수출규제를 푼다는 건 일본 국내적인 명분이 너무 약하다고 했다              6일 일본 아이치현 나고야시의 공공 전시장인 시민 갤러리 사카에에 일본군 위안부 피해자를 상징하는 평화의 소녀상이 설치돼 있다   일본의 공공시설에 소녀상이 전시된 것은 2019년 810월 열린 아이치 트리엔날레의 기획전 표현의 부자유전그 후에 이어 1년 8개월여만이다   연합뉴스          청와대 고위 관계자는 아쉬움이 크다면서도외교적 협의 내용에 대해 구체적으로 밝히기 어렵다고 밝혔다 협의의 방법을 비롯해 협상 주체에 대해서도 함구했다          정치권에선 외교적 이견과 함께 정치적 상황이 영향을 미쳤다는 관측도 나온다          여권의 한 관계자는 방일을 통한 한일 관계 개선을 원했던 문 대통령을 비롯한 외교안보 라인과 내년 대선을 앞두고 국내 여론을 고려해야 하는 정무라인간의 이견이 노출돼 왔던 것으로 안다며 결국 국내 정치를 고려한 결정이 이뤄진 것으로 보인다고 전했다          실제 협상이 난항을 겪는 과정에서도 외교안보 라인에선현안 협의와 미래 협력에 도움을 주는 결정이 이뤄질 것이라는 말이 주를 이뤘다 반면 정무라인에선성과 없는 방일은 불가하다는 원칙을 공개한 상태에서 빈손 방일에 대한 여론의 역풍을 감당할 수 없다는 목소리에 힘이 실렸다 이날 김부겸 국무총리도 문 대통령의 주례 오찬회동에서 강한 부정적 기류를 전달했다고 한다          청와대는 결국 문 대통령의 방일 불발을 발표하며 황희 문화체육관광부 장관이 한국 정부 대표단의 대표 자격으로 개막식에 참석한다고 밝혔다 2018년아베 신조 당시 총리가 평창올림픽 때 방한했던 것에 대한 답례 차원의 고위급 인사 파견도 추진하지 않는다는 뜻이다 그동안 외교가에선 문 대통령이 아니라면 김 총리가 갈 수도 있다는 얘기가 돌았다        지난 2018년 2월 평창 동계올림픽 개막을 일 앞두고 문재인 대통령과 개막식 참가차 방한한 아베 신조 당시 일본 총리가 정상회담을 가졌다 청와대 사진기자단              청와대 고위관계자는 이번 방일의 불발과 관계없이 한일 관계의 미래지향적 발전을 위해 임기 말까지 계속 일본과 대화 노력을 해 나가고자 한다고 밝혔다 그러나 올림픽을 통한 정상간의 첫 대면 만남이 불발되면서 양국 관계 회복을 위한 새로운 계기를 만들기가 더 어려워졌다는 우려가 커지고 있다    강태화 기자 
"추미애 ""한일회담 거부한 문 대통령의 단호한 결단 지지""",2021.07.19 18:50,     추미애 전 법무부 장관 뉴스1         추미애 전 법무부 장관이 19일 문재인 대통령이 도쿄올림픽 기간 일본을 방문하지 않기로 결정한 것에 대해 올림픽 개막 불참 결단을 지지한다고 말했다          추 전 장관은 이날 페이스북에서 일본은 세계 평화와 인류 공영의 올림픽 정신에 반하는 과거사 인식을 한 번도 바꾼 적이 없다며 그럼에도 문 대통령은 일본의 올림픽 성공을 기원하며 양국의 미래를 위해서도 이번 기회에 허심탄회한 회담이 되기를 진심으로 기대했다고 본다고 평가했다          추 전 장관은 그러나 일본은 과거사 문제와 이로 인한 경제 보복적인 수출규제 원전 오염수 배출 문제 등 평화 공존과 공영 정신에 반하는 현안에 대해 진지한 대화를 회피했다며 그저 얼굴만 마주 보는 형식적 회담을 거부한 문 대통령의 단호한 결단을 지지한다고 했다          추 전 장관은 전쟁범죄를 저지르고 잔혹한 인권유린을 한 역사를 인정하지 않고 욱일기를 흔드는 반역사적이며 기만적인 일본의 행태를 개탄한다고도 했다          앞서 이날 박수현 청와대 국민소통수석은 서면 브리핑을 통해 문재인 대통령이 도쿄올림픽 계기 방일을 하지 않기로 결정했다고 밝혔다   홍수민 기자 
방역복 입고 도쿄 도착한 탁구 신유빈,2021.07.19 18:20,     탁구대표팀 신유빈이 방역복으로 중무장한채 도쿄에 도착했다 장진영 기자               도쿄올림픽 한국 탁구 대표팀 신유빈17이 방역복을 입고 결전지에 도착했다  코로나 방역 차원에서 꽁꽁욱일기 관련  문서 받았다이기흥 체육회장 의혹 반박        신유빈은 19일 일본 나리타 공항 입국장에 방역복에 페이스 실드까지 착용하고 나타났다 이날 도쿄는 무더웠지만 신유빈은 코로나19 방역 차원에서 중무장했다 만 14세에 국가대표에 뽑힌 신유빈은 탁구 신동이라 불리는 선수다          한국 선수단 본진은 이날 입국했다 전종목 석권을 노리는 양궁 선수들을 비롯해 펜싱 체조 사이클 선수들은 방역에 신경 썼다 지난 주말 유승민 국제올림픽위원회 선수위원이 일본 입국 과정에서 코로나19 확진 판정을 받았다          한편 이기흥 대한체육회장은 이날 입국장에서 욱일기와 관련해 로부터 약속을 받았다고 말했다          지난 14일 한국 선수촌 테라스에 신에게는 아직 5천만 국민들의 응원과 지지가 남아 있사옵니다라고 쓴 현수막이 걸렸다 임진왜란 때 이순신 장군의 명언 상유십이 순신불사제게 아직도 열두 척의 배가 있고 전 아직 죽지 않았습니다에서 따온 내용이다 하지만 일본 매체가 문제 삼았고 이에 는 17일 정치적 선전을 허용하지 않는다는 올림픽헌장 50조 위반을 들어 철거를 요청했다          대한체육회는 경기장 내 욱일기 사용에도 똑같이 적용하겠다는  약속을 받고 현수막을 내렸다 그리고 범 내려온다 현수막을 대신 내걸었다 그러나 18일 아사히 신문에 따르면 도쿄올림픽조직위원회는 욱일기는 정치적인 주장을 담고 있지 않다 경기장 반입 금지 물품에 해당하지 않는 것으로 알고 있다고 주장했다 이에 일각에서는 구두 약속에 불과한거 아니냐는 의혹이 나왔다          하지만 이 회장은 에서 한국과 일본 양쪽 모두 발언을 자제하기를 바라고 있다 평화의 제전인 올림픽에서 바람직 하지 않은 일이라면서도 일본도 똑같이 적용되는 것이다 우리가 현수막을 내릴 때 먼저 문서를 받았기 때문에 그 점은 너무 염려 안 하셔도 된다고 말했다   도쿄장진영 기자 
"[속보] 文, 도쿄올림픽 안간다···한·일 정상회담 최종무산",2021.07.19 17:15,     문재인 대통령이 19일 청와대에서 열린 수석보좌관회의에서 발언하고 있다사진 청와대         문재인 대통령의 방일이 불발됐다 청와대는 19일 문 대통령이 도쿄올림픽 계기 방일을 하지 않기로 결정했다고 밝혔다 한일은 23일 열리는 도쿄올림픽 개막식을 계기로 정상회담 개최를 논의해왔지만 이도 최종 무산됐다          박수현 청와대 국민소통수석은 이날 브리핑에서 한일 양국 정부는 도쿄올림픽 계기 한일 정상회담 개최 가능성을 염두에 두고양국 간 역사 현안에 대한 진전과 미래지향적 협력 방향에 대해 의미있는 협의를 나눴다고 밝혔다          그러면서 상당한 이해의 접근은 있었지만정상회담의 성과로 삼기에는 여전히 미흡하며그 밖의 제반 상황을 종합적으로 고려하여 이와 같이 결정했다고 덧붙였다          박 수석은 도쿄올림픽은 세계인의 평화 축제인 만큼일본이 올림픽을 안전하고 성공적으로 개최하기를 희망한다며 우리 선수단도 여러 가지 어려운 여건이지만 그간 쌓아온 실력을 아낌없이 발휘하여 선전하고 건강하게 귀국하기를 기대한다고 덧붙였다   고석현 기자 
"이낙연 ""한일 정상회담 기대 무의미…대통령 방일 이젠 접을 때""",2021.07.19 16:48,     사진 이낙연 전 국무총리 페이스북         더불어민주당 대권 주자 이낙연 전 대표는 19일 문재인 대통령의 일본 방문 여부와 관련해 이런 상황에서 한일 정상회담에 기대를 갖는 것은 무의미하다며 반대 입장을 표명했다           이 전 대표는 이날 페이스북을 통해 한일 관계의 미래지향적 발전을 위한 우리 정부의 고심 어린 모색을 저는 잘 안다면서도 그러나 도쿄올림픽을 계기로 하는 대통령 방일은 이제 접을 때가 된 것으로 저는 판단한다고 밝혔다           이 전 대표는 지금 일본 측의 태도로는 성공적 한일 정상회담을 기대하기 어렵다며 7 정상회의장에서의 약식 한일 정상회담이 일본 측의 소극적 자세로 무산된 기억이 생생하다고 말했다           이어 그런 터에 주한 일본 총괄공사의 수치스러운 망언이 튀어나왔고 그에 대해 일본 측은 합당한 조치를 취하지 않고 있다고 지적했다           이 전 대표는 도쿄올림픽기의 독도 도발 기존 한일 현안에 대한 일본 측의 경직되고 편협한 태도도 바뀌지 않고 있다며 이런 상황에서 한일 정상회담에 기대를 갖는 것은 무의미하다고 강조했다           그러면서 일본이 세계의 신뢰받는 지도국가 아시아의 존중받는 이웃나라이기를 원한다면 이래서는 안 된다고 말했다           한편 이날 요미우리 신문은 한일 양국 정부가 도쿄올림픽 개막일인 오는 23일 도쿄에서 문 대통령과 스가 요시히데 일본 총리의 첫 대면 정상회담을 열기로 방침을 정했다고 보도했다           이에 대해 청와대 고위관계자는 서면 브리핑에서 양국이 협의하고 있으나 여전히 성과가 미흡하다며 막판에 대두된 회담의 장애에 대해 아직 일본 측으로부터 납득할만한 조치가 없는 상황이라고 설명했다   정혜정 기자 
